caseid,case_reversed
X3JGGO,0
X3OH3J,0
X3U0KO,0
X53HAD,0
X9VC5V,0
X9VAJI,0
X9VC5U,0
X3JGJV,0
X2S1PK,0
X53HCS,0
X3IURJ,0
X3JGBE,0
X28DP2,0
X3U0EH,0
X3C0H6,0
X3JGK4,0
X3IKGJ,0
X3IK3N,0
X3U0CQ,0
X9VBDP,0
X3C0EU,0
X3BD4Q,0
X3N6DO,0
X3N6E3,0
X3N6DN,0
X3N6EL,0
X9VC00,0
X9VC1K,0
X3CETE,0
X3CEDR,0
X3BD9F,0
X3T4NU,0
X3BCVI,0
X28DB3,0
X3T4I2,0
X3CM82,0
X3BCBJ,0
X3CF3Q,0
X3D2Q1,0
X3C0HD,0
X3D2QV,0
X9UE16,0
X3DC2D,0
X3CFAA,0
X3DBMK,0
X28DFA,0
X9UE4I,0
X9VCC4,0
X3IJP2,0
X3IJOI,0
X3IJOJ,0
X3IJNV,0
X3EMS9,0
X3LJ34,0
X3EDC7,0
X3LJCS,0
X3R7HD,0
X3DTQO,0
X498PJ,0
X9VB69,0
X3LJ7C,0
X449FC,0
X3FTBS,0
X3G68K,0
X3GGCC,0
X3FTB1,0
X3GD3B,0
X3GDBM,0
X3GD3G,0
X3GG8C,0
X3GGN6,0
X3GK3L,0
X449LB,0
X3G5B1,0
X3G5B0,0
X3GCP6,0
X3GMRF,0
X3FT28,0
X3EDJE,0
X3G5UO,0
X3FTNM,0
X3GGH5,0
X3GK8N,0
X3GPDN,0
X3GOCU,0
X3GOCH,0
X3GODD,0
X2D76N,0
X2D6KR,0
X2D6MH,0
X2D6MF,0
X3GPH3,0
X3M0IA,0
X2D6LM,0
X2D6VO,0
X3GRH9,0
X3GRJ1,0
X3GMPD,0
X3GPGK,0
X2D7C8,0
X3GPCO,0
X3GOMR,0
X9VBCG,0
X3GPK6,0
X3OMKJ,0
X2D6MI,0
X3GGJ1,0
X3GPAD,0
X3GP8S,0
X9VBCJ,0
X3H304,0
X3M3KP,0
X3H32J,0
X3H33G,0
X9VC4B,0
X9VBEC,0
X3H4NQ,0
X3H4Q0,0
X222B0,0
X44T2B,0
X44TKJ,0
X3ID26,0
X44SR8,0
X3L42C,0
X3H32B,0
X2229R,0
X3H4OV,0
X4A27C,0
X222A7,0
X3H4Q1,0
X3H4QG,0
X3H4QT,0
X4A20F,0
X3H4NE,0
X2D7B0,0
X3L412,0
X4A1L0,0
X4A208,0
X3IB1H,0
X3IB1B,0
X3IB25,0
X3IB24,0
X3IBE8,0
X3IBA6,0
X3S5S6,0
X3ID1E,0
X3ICPF,0
X3ID6T,0
X3ICV0,0
X3S5LJ,0
X3S7NU,0
X3S7IM,0
X3VTBA,0
X3VTQ9,0
X3VTQ1,0
X3VTP7,0
X3MCVB,0
X3VTEB,0
X3VT3G,0
X3VT3B,0
X3VT44,0
X49S0H,0
X3VTM6,0
X3IMGD,0
X3S7PG,0
X3S7JG,0
X3ICPP,0
X3ICP9,0
X3MCVT,0
X3VTP3,0
X3MCO9,0
X3VTE8,0
X3ID20,0
X3MCQC,0
X3VTCT,0
X3VTMC,0
X3IIQU,0
X3IMT8,0
X3VTOO,0
X49R58,0
X3IMI4,0
X3M36C,0
X3IMIN,0
X3IMJL,0
X49SCB,0
X3IMHM,0
X3SDDA,0
X3IR43,0
X3ISUN,0
X3ISUG,0
X45UQA,0
X3IMKR,0
X45US9,0
X45UQ8,0
X3IR6O,0
X3IR7D,0
X3ISEI,0
X3GG71,0
X3ISBV,0
X3ISFA,0
X3ISAO,0
X3IR45,0
X400DB,0
X3IMA7,0
X3ISQ4,0
X3SD14,0
X3SDB9,0
X400GE,0
X3ITLG,0
X3ITO3,0
X3ITMQ,0
X4A30V,0
X3ITGD,0
X400PP,0
X3ITKA,0
X3ITKT,0
X4A0BN,0
X4A2HF,0
X4A2GQ,0
X4A74V,0
X462DF,0
X4A2DK,0
X400LF,0
X4A07U,0
X4A0DU,0
X4A03F,0
X3ITN5,0
X3ITJ9,0
X4A0LL,0
X4A2BF,0
X4A0I3,0
X4A2IS,0
X4A06B,0
X4A0JU,0
X3JA31,0
X4A8C1,0
X3JA3V,0
X3JC7V,0
X3JA55,0
X3JA2D,0
X3JAD0,0
X3JC2M,0
X3JC58,0
X3JAEK,0
X3JF44,0
X3JC9R,0
X3JC6I,0
X4AAD3,0
X4AAD4,0
X4AADN,0
X4ABKL,0
X3JC8N,0
X3JESB,0
X4A763,0
X4A778,0
X3JBO7,0
X3JBVL,0
X3JC7P,0
X3JC14,0
X3JC3V,0
X3JFF8,0
X4AAL2,0
X4672F,0
X4ABK0,0
X4ABP6,0
X4683L,0
X4ABGS,0
X3JHST,0
X4AIR2,0
X43BTS,0
X465G8,0
X4684E,0
X467UR,0
X4B5O2,0
X467VU,0
X4675Q,0
X4AID4,0
X467AF,0
X4AIKR,0
X43C5D,0
X9VDED,0
X4AIH1,0
X43BU0,0
X4AIFV,0
X4AIR4,0
X9VDD6,0
X9VDD3,0
X3JHUA,0
X9VDDL,0
X46A8J,0
X43BU3,0
X46CPV,0
X4ABCD,0
X9VD4D,0
X46A5K,0
X43CEH,0
X43CB7,0
X3JI98,0
X43CAR,0
X9VD3F,0
X9VD2M,0
X46CQ3,0
X9VD74,0
X4AKMR,0
X46HD7,0
X4AMGA,0
X46JHT,0
X46JI2,0
X46JHG,0
X46JAD,0
X4AMLH,0
X4AMID,0
X46H7P,0
X46H9H,0
X43DO3,0
X46JG2,0
X43DQ7,0
X46JES,0
X46H9S,0
X46J96,0
X43DSP,0
X46H55,0
X46H8N,0
X46H9N,0
X9VD8A,0
X3ITBL,0
X46NGD,0
X4ANV4,0
X46NU1,0
X46NUO,0
X46NFE,0
X46J0I,0
X46NO9,0
X46NGO,0
X4AO0T,0
X3JTJE,0
X4AN0O,0
X3K1BI,0
X46NVD,0
X3K1F4,0
X4AO75,0
X4AO32,0
X43FP9,0
X43FOL,0
X43FO4,0
X3N4SI,0
X4AMSK,0
X4AO5K,0
X46NR3,0
X3MCQL,0
X4AOCE,0
X4AOI2,0
X43G30,0
X3N516,0
X4AON5,0
X4AOLM,0
X43IP8,0
X46NNT,0
X46NIM,0
X3JTQU,0
X46NQ9,0
X3K1LF,0
X4AO7B,0
X3K1P9,0
X3K1NR,0
X43IQ7,0
X3N51N,0
X3N521,0
X40779,0
X3N522,0
X43IU4,0
X407KM,0
X43IHT,0
X43IIV,0
X43IIG,0
X1VT4I,0
X3N4UB,0
X1VT4K,0
X408GV,0
X407NK,0
X407GB,0
X4DIDB,0
X43V52,0
X4088I,0
X43VAC,0
X4DIJ5,0
X4DIHH,0
X3B78E,0
X3B78V,0
X1VT4D,0
X4079K,0
X40790,0
X4DI01,0
X4DI0L,0
X4DHVL,0
X407HV,0
X3Q18E,0
X43V8T,0
X47NHT,0
X408CM,0
X3B8O5,0
X43V53,0
X3B8DJ,0
X3Q160,0
X3B8L0,0
X408EU,0
X4401E,0
X3B8L2,0
X47NJV,0
X408JT,0
X3UIR2,0
X40A37,0
X3UIQ8,0
X3BALB,0
X4403M,0
X1VSJ4,0
X9VEJA,0
X9VFCP,0
X409Q5,0
X3UIVE,0
X3UIIU,0
X3B8OO,0
X47NJR,0
X9VEHI,0
X9VEHH,0
X9VEHG,0
X3UIIQ,0
X3UIJE,0
X9VF6M,0
X3UIQP,0
X3BA8T,0
X3B8KB,0
X44004,0
X3UISE,0
X43VRA,0
X43VQR,0
X43VQF,0
X43VQE,0
X3BB0I,0
X3BB14,0
X3BB1H,0
X3B8FP,0
X3B8PQ,0
X40AAR,0
X47N90,0
X3BAHU,0
X9VFCI,0
X9VFCQ,0
X44082,0
X409SG,0
X40A0G,0
X407GJ,0
X47KPI,0
X3BACE,0
X47KP4,0
X40CFO,0
X40CV3,0
X40D0F,0
X40B2A,0
X40BAO,0
X47LEE,0
X47MK5,0
X47KVE,0
X40CTG,0
X40B69,0
X40CI8,0
X40CTU,0
X47M6R,0
X3OMCL,0
X47LAO,0
X47M5G,0
X47L6O,0
X47L90,0
X47N02,0
X40DGM,0
X47PR9,0
X40FU4,0
X40G2Q,0
X47Q00,0
X47QBS,0
X40G0F,0
X40ER4,0
X40DUU,0
X47QQ3,0
X3BILA,0
X3BIQI,0
X40E3N,0
X47PSV,0
X47PSO,0
X47PS2,0
X40EN4,0
X47PS6,0
X40GCG,0
X3BFC9,0
X40D89,0
X40F62,0
X47Q5T,0
X47Q6K,0
X3BIV7,0
X40G1C,0
X40G1M,0
X47Q76,0
X3BH5Q,0
X3BH5P,0
X3BH6D,0
X3BH6C,0
X47RCV,0
X47SQQ,0
X47QF4,0
X47SL9,0
X47SOE,0
X47STJ,0
X47STH,0
X47SU9,0
X90T2FQNB5G0,0
X3BOMS,0
X40DKT,0
X40IED,0
X40IJR,0
X47SP3,0
X3QA0D,0
X3Q9V5,0
X47S91,0
X47RS2,0
X47S9P,0
X47QF1,0
X40IKH,0
X3Q9TB,0
X40L21,0
X3BPOF,0
X3BOEK,0
X3BLA7,0
X3BLBG,0
X3BOK5,0
X3BR6O,0
X3BORB,0
X3BQ0V,0
X40KJT,0
X3BRCL,0
X3BPS9,0
X3BQ98,0
X40LKN,0
X3BRDT,0
X3BRBQ,0
X3BOHV,0
X40L1N,0
X481KI,0
X3BPL5,0
X3BRD2,0
X40KIN,0
X3BON8,0
X40KSM,0
X3BR32,0
X3BQAF,0
X40KM2,0
X3BQAP,0
X3BR9B,0
X3BLCK,0
X442ES,0
X481NP,0
X481QR,0
X481J0,0
X3BVLH,0
X44242,0
X3UOVO,0
X40NCU,0
X3UP52,0
X3UPAO,0
X47QUE,0
X40N9R,0
X44286,0
X3BVJV,0
X442IQ,0
X3UP0F,0
X3BVEB,0
X3NN4H,0
X3UP0T,0
X3UP1C,0
X3UOT6,0
X3UOV1,0
X40NKA,0
X40KRH,0
X40NK5,0
X3BL86,0
X40OG8,0
X3C7H4,0
X40QQ5,0
X40IQB,0
X443SJ,0
X443FN,0
X40NTG,0
X40RDQ,0
X3C7D9,0
X40PU4,0
X40P01,0
X40Q79,0
X40QOI,0
X40Q36,0
X40R82,0
X40RL3,0
X485VM,0
X40SLT,0
X4872M,0
XA6QA4,0
XA6QB3,0
X40SL9,0
X443LV,0
X40U3P,0
X486KS,0
X48617,0
X444M3,0
X40UET,0
X444V3,0
X485F5,0
X40UI4,0
X445IC,0
X445FK,0
X445L9,0
X4LQ0B,0
X3CCIA,0
X4LPSR,0
X3CIUS,0
X446FD,0
X446FV,0
X445NK,0
X3CCIS,0
X40U9C,0
X4460V,0
X4LQ03,0
X4462O,0
X445SU,0
X445JQ,0
X446V6,0
X488RF,0
X4478A,0
X3CIDB,0
X7L0FJ,0
X489V3,0
X44799,0
X7L0UQ,0
X9VF7I,0
X48A90,0
X447K1,0
X3QT6V,0
X3QTFB,0
X3CNG5,0
X43Q5B,0
X48A44,0
X48A4K,0
X3CMRH,0
X43QEA,0
X448E1,0
X3CMVQ,0
X3CMNT,0
X3CQU7,0
X4490E,0
X43QAA,0
X43Q9A,0
X43Q9P,0
X3CQNQ,0
X44846,0
X48D7N,0
X3CT8P,0
X3CQT0,0
X43QTL,0
X448PP,0
X4480D,0
X3CT90,0
X3CT9F,0
X3CTB9,0
X448SR,0
X44BPE,0
X48F35,0
X44BR7,0
X44C92,0
X44CR5,0
X48I89,0
X3OF6O,0
X3OEEL,0
X3OECK,0
X44CAP,0
X48FUD,0
X44DP0,0
X44CTN,0
X3OEKK,0
X3OELI,0
X48C18,0
X4168R,0
X4169J,0
X41693,0
X41691,0
X43S3L,0
X3OF8B,0
X44DS0,0
X3D6F3,0
X44EUL,0
X275H1,0
X43S1R,0
X44EK0,0
X3D604,0
X44F36,0
X414H6,0
X43S77,0
X3D8H4,0
X3D8HN,0
X4188G,0
X4187E,0
X3D6H8,0
X48NNJ,0
X43S2P,0
X3D8LO,0
X418E2,0
X419VV,0
X3D6JN,0
X43SO6,0
X43SOQ,0
X3D90S,0
X3D914,0
X3R2HH,0
X3R2LC,0
X3D6AH,0
X3OKKE,0
X3OKKT,0
X419ST,0
X419S3,0
X3R2LF,0
X3R2MI,0
X41AEC,0
X41B2D,0
X44GNB,0
X3RLBG,0
X3V6GQ,0
X3V6HD,0
X41DES,0
X3V6E7,0
X3DP9V,0
X44HEK,0
X41DL5,0
X41BNK,0
X3V69L,0
X3V68H,0
X48TC1,0
X41ESC,0
X3DPCS,0
X41ETV,0
X44H9T,0
X44HD1,0
X3DOVI,0
X44HOR,0
X41ET3,0
X44I97,0
X44HFJ,0
X41F90,0
X44HU8,0
X41GAS,0
X41G9E,0
X44IEF,0
X41G9G,0
X44J67,0
X44HMR,0
X44J7A,0
X41GDF,0
X41G5J,0
X41G7U,0
X44IVJ,0
X44J0K,0
X44I8D,0
X3RNJ9,0
X44J8O,0
X44KAO,0
X44JED,0
X3RNI6,0
X3ROB8,0
X41GA5,0
X3RO6L,0
X492HN,0
X49297,0
X41HHB,0
X54D0U,0
X44INE,0
X3E0P4,0
X492CL,0
X4920S,0
X44JH5,0
X3E0TL,0
X41H71,0
X3RR84,0
X41HJN,0
X4931L,0
X41IS3,0
X491VQ,0
X492I2,0
X3E4A1,0
X3RQ11,0
X3E49I,0
X49321,0
X44MNO,0
X3RR33,0
X44L1A,0
X41IOQ,0
X41KOH,0
X41KNU,0
X44L02,0
X442IV,0
X44MN8,0
X41JJC,0
X442N1,0
X3RULN,0
X44NLV,0
X3RUM2,0
X44N6D,0
X3RUHC,0
X41KQN,0
X41KPQ,0
X41N56,0
X41LJJ,0
X3S2MN,0
X3RUKR,0
X44NFI,0
X41LKA,0
X3EFSN,0
X41N7H,0
X3RUK0,0
X3VDKR,0
X3RVQU,0
X41O0I,0
X41NVS,0
X3S10S,0
X3S108,0
X496PR,0
X496DN,0
X41NGK,0
X3S0NR,0
X3S0BD,0
X3RVNF,0
X41N49,0
X41NNB,0
X41KOT,0
X41NRP,0
X44PFH,0
X44PGE,0
X44P8P,0
X41O6B,0
X3S09F,0
X44PH1,0
X3S0PP,0
X4967D,0
X41P5M,0
X41PB3,0
X497EO,0
X41PD0,0
X41PCM,0
X41PDG,0
X3ERIQ,0
X41PD4,0
X3VDN3,0
X4975V,0
X3S3DI,0
X41PI1,0
X3F49J,0
X4973V,0
X497HO,0
X41PEQ,0
X41PC7,0
X3ERI6,0
X3VDI2,0
X497AQ,0
X3F3RI,0
X44QTM,0
X3F3RV,0
X44QSE,0
X3F3MF,0
X3S3K3,0
X41N28,0
X41QCK,0
X496V2,0
X3F16L,0
X3S48N,0
X3S5D5,0
X41QOL,0
X2N59I,0
X3S47T,0
X3S5BR,0
X3S57S,0
X3S57E,0
X41SBI,0
X9VGFP,0
X41S88,0
X41T1A,0
X3S6HJ,0
X3F9IG,0
X41UUL,0
X3S9PS,0
X41UA0,0
X3S7FN,0
X3VEDR,0
X3VEEF,0
X41TQ4,0
X41TP3,0
X41TPH,0
X21KQ2,0
X41U2A,0
X41U2R,0
X41U3E,0
X21KJQ,0
X44D99,0
X41U2U,0
X41TUO,0
X3SC58,0
X3G3KR,0
X3G42H,0
X3G39Q,0
X3G15G,0
X3G3MP,0
X3VGQ2,0
X3SC5Q,0
X3G3R6,0
X2NCFL,0
X4214N,0
X49AGC,0
X3G7C7,0
X42000,0
X41VV3,0
X49BDU,0
X49BSB,0
X3SE0T,0
X4217K,0
X420H6,0
X3GBUD,0
X458NK,0
X45912,0
X457SL,0
X3LPOC,0
X420VD,0
X4204O,0
X4585T,0
X3SIPM,0
X3SKVE,0
X3SID7,0
X42193,0
X3SIRB,0
X4591C,0
X421DO,0
X3SIKO,0
X3SM4M,0
X3SJCD,0
X3SLDS,0
X2ND7F,0
X4230C,0
X42350,0
X2ND3Q,0
X3SLAE,0
X3LQSR,0
X44MAP,0
X45BNP,0
X9VH38,0
X45BPP,0
X9VH48,0
X45BKQ,0
X44M46,0
X42238,0
X9VH2F,0
X3SPNO,0
X4229R,0
X3GLCJ,0
X49CEA,0
X3SPT7,0
X3SP3I,0
X3LR1L,0
X3SOVP,0
X3SR2I,0
X3ST2M,0
X3SV9G,0
X4255T,0
X3SSFM,0
X3SVH6,0
X3SPH8,0
X3T089,0
X3SVOF,0
X3T0PL,0
X49E1F,0
X49EIO,0
X427A0,0
X427UJ,0
X3T2O0,0
X3T3PN,0
X45H3N,0
X45H47,0
X2NE8G,0
X3T0C6,0
X4299H,0
X3T4K6,0
X3T6N2,0
X49EI2,0
X3T645,0
X3T6EI,0
X429CO,0
X3T7E8,0
X3T8C5,0
X42AC3,0
X3T9SG,0
X3T7AP,0
X3TB0N,0
X3GQSG,0
X42A93,0
X3MUHJ,0
X3GQQS,0
X3TBQF,0
X42AHG,0
X3MUUI,0
X3T8RA,0
X3TE38,0
X3MTQT,0
X42AJQ,0
X3TA40,0
X427U8,0
X45JHV,0
X42B54,0
X42BH4,0
X3TCMO,0
X42BM7,0
X3N0HE,0
X3TGH8,0
X3MV7N,0
X3TGFR,0
X3GUQT,0
X2NH0A,0
X3GTJ9,0
X45LB4,0
X3GTIV,0
X3TGIT,0
X3N09K,0
X3MVDO,0
X3GTVK,0
X3GU96,0
X42DRJ,0
X42DIR,0
X3TI9D,0
X49GE6,0
X49GD4,0
X42E0J,0
X45M2F,0
X49G2R,0
X45L1A,0
X3TIA0,0
X3TGPI,0
X3GUPR,0
X49HMG,0
X3TM68,0
X3TJN5,0
X2NHO1,0
X3TKHD,0
X42GIT,0
X42IM4,0
X3TM4H,0
X42GRI,0
X2NHSL,0
X42HRF,0
X42HT5,0
X3TNK0,0
X2NI3F,0
X3H23B,0
X42GP3,0
X49HPK,0
X42JDA,0
X49HP9,0
X3TOJG,0
X42H2C,0
X42F98,0
X3N3AB,0
X3TR18,0
X3TQSC,0
X3H1MO,0
X3N241,0
X3TPU5,0
X3N2BD,0
X3TP82,0
X3TPU2,0
X3N3KM,0
X42JBH,0
X3RVC6,0
X3N1VU,0
X3H24P,0
X3N279,0
X3N3CB,0
X49IRR,0
X3N3AQ,0
X42KBL,0
X42KOB,0
X3N2KD,0
X3N3EA,0
X3H472,0
XA6QJS,0
X42KTO,0
X3N3KC,0
X45MTB,0
X45NLT,0
XA6QJD,0
X42K3D,0
X42L7J,0
X45NPS,0
X45NHE,0
X3H44G,0
X49J6Q,0
X3H44B,0
XA6QIN,0
X3TU51,0
X3NOMC,0
X42MNV,0
X3NOQO,0
X42MSA,0
X45ORK,0
X42MR2,0
X42KTM,0
X3TV5U,0
X3O58B,0
X3OM9B,0
X3U6ID,0
X2NMKS,0
X3ONRR,0
X3OEVD,0
X3U79K,0
X3OBVO,0
X3U8PN,0
X3OI9U,0
X3OEVL,0
X3IAKE,0
X3OEL0,0
X3OKQN,0
X2NNA1,0
X44US7,0
X3U9A0,0
XA6RIV,0
X3OP5J,0
XA6S0O,0
X3OMVO,0
XA6RJI,0
X3OPIC,0
X3U8O1,0
XA6RO8,0
X3OPSS,0
X3ONOH,0
X3OJU4,0
XA6SVV,0
XA6S6Q,0
X3OQ8N,0
XA6S1G,0
XA6SKI,0
X42V67,0
X3OSU4,0
X3OSN8,0
XA6T8R,0
X3OS9U,0
XA6T37,0
XA6T38,0
X3OTBP,0
X3UAT4,0
X3OUU6,0
X3UAVI,0
XABDFG,0
X3OSJV,0
X3P0RD,0
XA6TDS,0
X2NNR9,0
XA6S4B,0
X3SADB,0
X3P2KF,0
XA6T90,0
X3P4FQ,0
X431AL,0
X3P0HO,0
X3P0IV,0
X430RM,0
X2UTVN,0
X2UU8B,0
X3OV8T,0
XABDKK,0
X3UD39,0
X3P6QR,0
X3P4C3,0
X3P17S,0
X3P4I6,0
X3OTBQ,0
XA6T2S,0
XABCL8,0
X3P624,0
X4317C,0
X3P45K,0
X3UDO3,0
X2NO8D,0
X3SABD,0
X3P63J,0
X2V5FF,0
X3P5OL,0
X2UU5E,0
X4338V,0
X2V5GE,0
XAFFCG,0
X3UD15,0
XABDSC,0
X433GA,0
XABE4D,0
XABFEH,0
XABD8O,0
X3UDGI,0
X3UD2T,0
X3MDHV,0
X3P6PG,0
XABERL,0
XABF89,0
X3P7LT,0
XABEVN,0
X2V9M0,0
X3UAS2,0
X3UDLN,0
X3P8AD,0
X3UF3H,0
X2NOON,0
X3INQA,0
XABFRP,0
XABG31,0
X2NP0H,0
X3SDMT,0
XABHOM,0
X3P8MH,0
X3UDVA,0
X3UGPI,0
X3INLA,0
XABG49,0
X2NOTK,0
XABGI3,0
XABFFO,0
XABGBN,0
X3UGRP,0
XABHB8,0
XABEV0,0
X3P7G5,0
XABF80,0
X3UDG2,0
XABGC7,0
X2VAFP,0
X3P9VK,0
XABK32,0
XABGCL,0
XABIEB,0
X3PAAF,0
XABIK7,0
X3PA88,0
XABH39,0
X3IQ22,0
X3PA9N,0
X3IQ0F,0
XAFFGL,0
XABK5J,0
XABH3I,0
X434CN,0
X3PCNM,0
XABJ1L,0
XABGQ8,0
XABJ0K,0
XABI2J,0
XABK5D,0
XABJLV,0
XABHE7,0
X3SDGR,0
XABHOG,0
X3PA5V,0
X3UET9,0
X3INGN,0
X3PCPE,0
X3PBEE,0
X2VAGA,0
X3PA18,0
XAFFGI,0
X3PCM7,0
XABK8T,0
X3SFC1,0
X2NPOI,0
X3UM6C,0
XABJJK,0
X3PCJP,0
XABKNR,0
XABKVJ,0
X3PCLP,0
XABJDD,0
XABKAV,0
X3ULUM,0
XABK3M,0
X3UM0A,0
XABKQ8,0
XABJIR,0
X436IG,0
X3IVQ1,0
XAC5LK,0
X3IVS4,0
X548DC,0
XABME9,0
X54880,0
X436IT,0
XAC5GT,0
XAC5B7,0
X3UP9L,0
X3PEQ3,0
X3UPQH,0
X548AU,0
XABNSM,0
X3PETP,0
X4A511,0
X461DI,0
XAC61U,0
XAC5KH,0
XAFFNF,0
XAC5M8,0
X436GA,0
X49VU5,0
X3J4O6,0
XABNR8,0
X4A1BH,0
X3J3F5,0
X4A3DG,0
X4A3D1,0
XABO76,0
X3J4E3,0
XABM1J,0
X3J601,0
X2NQBH,0
X3PE49,0
X4380D,0
X2O4MF,0
X49VL6,0
X437BN,0
XABN6A,0
X3J5MO,0
X4A6SA,0
X4A51M,0
X3PEQA,0
X3J6BO,0
XABN4A,0
X2NR1E,0
X4373J,0
X463EN,0
XABOKL,0
X39THK,0
XABO13,0
X3J5AI,0
XABOR2,0
X2NQUI,0
XABPJH,0
X3HV8O,0
X32E62,0
X4A82J,0
X45Q0A,0
XABP2D,0
X3J905,0
X4A7ND,0
X46319,0
XABP35,0
X3HVIE,0
X4630F,0
XABQE9,0
X437AI,0
X3HVT1,0
X3HV6D,0
X30IQA,0
XABQER,0
XABQCF,0
X3I0F9,0
X30IMI,0
X30J0A,0
X3UV4G,0
XABPEL,0
XABPTV,0
XABQFF,0
XABQ2H,0
XABPT0,0
X463CE,0
X2NRHA,0
X3I1HG,0
XABQTV,0
X463T3,0
X39V60,0
XABR37,0
XABQ6R,0
XABREE,0
XABR6H,0
XABPUP,0
X3V2JV,0
X4643N,0
X3I1VR,0
XABP33,0
X3I1BD,0
XABRKR,0
X32U6Q,0
X3I2AV,0
X4AB60,0
X3JAKH,0
X3I0UP,0
X3I2KV,0
X31RQK,0
XABR3B,0
X2O1J8,0
X3I1FP,0
X31RLP,0
X31RLE,0
X3I24G,0
X3I1GO,0
X4AB7K,0
X32UJ4,0
X3I3GT,0
XAC00A,0
XABUCR,0
X3I3S3,0
XAFGE2,0
X4ADC4,0
X3JE6A,0
X33GIJ,0
X4AEEI,0
XABR4U,0
X3I3JT,0
X33GQH,0
X3I369,0
X4AEJ5,0
X4AD6D,0
X4AFJ8,0
X4AC33,0
X3JEIT,0
X3PJHC,0
X4ADJO,0
X468FN,0
X33GDH,0
X468QG,0
X3I67P,0
X468B5,0
X32VKP,0
X4AEUL,0
X3A25L,0
XAFIFQ,0
XAFHRH,0
X3I52E,0
X4AHK1,0
X3I63R,0
XAFI90,0
X3I4O6,0
X469RA,0
X3I5AN,0
XAFK22,0
X43CT3,0
X4666R,0
X3VBR7,0
X3VABE,0
X46944,0
X43CQ0,0
X46B9U,0
X3VC18,0
X3SRI5,0
X4AH9L,0
X2O42N,0
X3SRT4,0
XAFJMS,0
X3SRGM,0
X31SJA,0
X46BFK,0
X53OBB,0
XAFL03,0
X53OOQ,0
XAFL33,0
X46B4A,0
X46C7I,0
XAC2NA,0
XAC2P9,0
X46ARA,0
X46CG9,0
X46BHQ,0
X46C0P,0
X3ICO0,0
X3ICUR,0
XA0JSE,0
X46BJV,0
XAFKTE,0
X3IEL2,0
XAFKIP,0
X4S9TD,0
X4S9KS,0
X3VFT3,0
X30GO9,0
X4S7L1,0
X3A7TE,0
X2K4GN,0
X46GFS,0
X2O1CU,0
X542FH,0
X32K23,0
XAFLLG,0
X4ALM4,0
X3VGA4,0
X57BO7,0
X3VG7C,0
X30J94,0
X2O49E,0
X3PO3D,0
X57BMQ,0
X2K47I,0
X4ALDL,0
X31D5A,0
X4SEO3,0
X30K21,0
X32JM0,0
X31DE2,0
X32I8D,0
X3II5U,0
X32KRL,0
X4SG2E,0
X4AG82,0
X4SFAU,0
X30M3O,0
X355IK,0
X46K3G,0
X33HR6,0
X355V9,0
XAC6QE,0
X32IPL,0
X4SHRQ,0
X46L6I,0
XAC6RO,0
X32L0Q,0
X30K6M,0
X46LOC,0
X320AO,0
X5432B,0
X46L4J,0
X4SKTK,0
X46MD8,0
X355G2,0
X356BI,0
XAC3KG,0
X320D3,0
X544HL,0
XAC76E,0
X2O2IP,0
X33I2T,0
XAC70D,0
X544R4,0
X31UPL,0
X544E6,0
X54403,0
X2O2SC,0
X3P262,0
X3P2Q8,0
X356J4,0
X321NT,0
X4SL2R,0
X2VGII,0
XAC3HM,0
XAC35N,0
X35785,0
X3P2PA,0
X3VL4J,0
X546R9,0
X546KT,0
X30MVK,0
X3P371,0
X3ADNK,0
XAC356,0
X354KH,0
X546LF,0
XAC3HD,0
X354AU,0
X4SQ56,0
X35833,0
X3AE83,0
X546I9,0
X3ACON,0
XAC3TO,0
X3AD6A,0
X30NPQ,0
X3TTUM,0
X30NMG,0
X3AF1Q,0
X46VG9,0
X330KH,0
X57G8D,0
X3MSFN,0
X3MS9J,0
X4OFSE,0
X275GB,0
X4Q6AD,0
X4QNDD,0
X4Q6EL,0
XTJV5NQNB5G0,0
X38P9D,0
XTJUUVQNB5G0,0
X389BN,0
X54CB8,0
X3905R,0
X39AKK,0
X4QOI0,0
X50BOD,0
X4QNAM,0
X30F21,0
X3FUME,0
X3GPQ6,0
X398NI,0
X3N0NU,0
X38PHC,0
X3SSAD,0
X4PTRS,0
X49K88,0
X49KE4,0
X3N3S1,0
X30N8K,0
X3I9M9,0
X39LN6,0
X431EG,0
X39KEV,0
X39LVE,0
X3NRIC,0
X39QJK,0
X537BQ,0
XAC7DH,0
X39QL2,0
X39QN7,0
X53NHU,0
XAC7H7,0
X39TLB,0
X39TLI,0
X3A6QV,0
X36KAS,0
X3A6TO,0
X53M9J,0
X353TJ,0
X3A78P,0
X3T8OB,0
X3IL66,0
X3POUN,0
X350L2,0
X36EME,0
XAC80N,0
X3T9FR,0
X37GRI,0
X3L0DO,0
X4V0J4,0
X353KV,0
X350KC,0
X4PJ7Q,0
X3L40B,0
X4K9FD,0
X4UUKN,0
X37IRA,0
X37GSP,0
X3ABGU,0
X36FO2,0
X3L3P1,0
X37GK5,0
X3BFM2,0
X3BFPL,0
X350VA,0
XACBNN,0
X4Q47I,0
X4V9E2,0
X37GUK,0
X3BFUO,0
X4Q5RJ,0
X32DHB,0
X3ABOL,0
X3BS3J,0
X3511J,0
X480F4,0
X2AIK8,0
X36H8B,0
X3LKQP,0
X3QRGM,0
XAFMAE,0
X37OC6,0
X482Q4,0
X4QA6R,0
X484I3,0
X4VO3P,0
X35219,0
XAFM21,0
X37VK8,0
X3M7H7,0
X3528P,0
X3M915,0
X4VO9L,0
X36AQL,0
X36D31,0
X3F44A,0
X386IN,0
XACCEJ,0
X4VT51,0
X36D0G,0
X3M3NJ,0
X36C5U,0
X3F74S,0
X3LTC3,0
X3F64D,0
X54CFD,0
X3IO8G,0
X3OD0K,0
X3F99D,0
X3FE6R,0
X3FBN0,0
X3IS3N,0
X3FE1T,0
X3FMG3,0
XKL0VGII8BG0,0
X3F2SF,0
X3F966,0
X3FBSS,0
X3F69N,0
X3FJA1,0
X1CIST8N,0
X3FLP4,0
X3FKSN,0
X3FOMG,0
X3FH8H,0
X3F3E2,0
X3FFK4,0
X50JTR,0
X3IVHK,0
X50K8J,0
X2AHMQ,0
X2AI5B,0
X50ETS,0
X50U84,0
X51205,0
X511VK,0
X50OTD,0
XAFN0E,0
X3FLHT,0
X50P75,0
X51EM3,0
X17NGVQNB5G0,0
X6B6JU,0
X4IVU5,0
X6B85K,0
XE7S66,0
XE6IKE,0
XE7APO,0
X6CFGN,0
X1DPDO8N,0
X6CHIK,0
X6B849,0
X6B9R7,0
XE7JG8,0
X6CHBF,0
XE4OU6,0
XEK0V3,0
X6CM3T,0
X6CUPF,0
X6BG6E,0
XE4O4E,0
XEK6VK,0
X6B645,0
XAPLMT,0
XE42R0,0
X6CVDO,0
X6B7Q3,0
X6A0GS,0
XEK6UK,0
X118VF6003,0
XEQ9DK,0
XARF60,0
XVNUS7,0
X126AOG003,0
XGKE8Q,0
X12FF34003,0
XGFNGO,0
XKJ51KII8BG0,0
X12DAOQ003,0
X12OTUK003,0
X12NKJQ003,0
X13GB4E003,0
X14ADJA003,0
X13P046003,0
X12OUPI003,0
X13JKD0003,0
X145EHC003,0
X13TEK2003,0
X14VV4S003,0
X12N34G003,0
X14U2BI003,0
X15BAAA003,0
X15GK0M003,0
X1526LU003,0
X152UPG003,0
X151QT4003,0
X16F774003,0
X16595G003,0
X176LV0003,0
X165T02003,0
X15JBD8003,0
X1690BO003,0
X15F89M003,0
X15K0SG003,0
X175RKE003,0
X163QFK003,0
X16F38G003,0
X17JD92003,0
X17A15E003,0
X17F3L4003,0
X17FR3E003,0
X19EADI003,0
X18R8I2003,0
X18SD9E003,0
X18R6TG003,0
X1851VO003,0
X18OB08003,0
X19ICVU003,0
X1AJ7QC003,0
X1ACD10003,0
X19TOPK003,0
X1B9IBA003,0
X1B6SUE003,0
X1C0QRM003,0
X19RIN6003,0
XE7APC,0
X1Q6L6VRU082,0
X1AR7UE003,0
X1BR3N4003,0
X1Q6L682FU82,0
X1BQJB0003,0
X1C1OJC003,0
X1AJ5PK003,0
X1AO4AO003,0
X1BLN46003,0
X1CGATO003,0
X1BTLF8003,0
X1CQR6E003,0
X1CS3OU003,0
X4896H1,0
X1CQUAU003,0
X1CRKC0003,0
X1CS4VM003,0
X1AJLEK003,0
X1DB3PE003,0
X1E9P9K003,0
X1DLVKM003,0
X9VAVQ,0
X1E2LQS003,0
X1G2AUE003,0
X1FUR2G003,0
X1GNRCA003,0
X1G48LI003,0
X1GSJV4003,0
X1GN7T8003,0
X1HBKQ6003,0
X1E6B54003,0
X1H2VUI003,0
X1GEP7M003,0
X1H0Q22003,0
X1HDSHG003,0
X1G8M7K003,0
X1FLLP8003,0
X1FHJ58003,0
X1HMT86003,0
X1HK70S003,0
X1HB3F4003,0
X1IHNS4003,0
X1I5JB8003,0
X1I7SUM003,0
X1I3VIM003,0
X1IUFJM003,0
X1I4F7U003,0
X1J5IJ2003,0
X1HT9DG003,0
X1JC9HQ003,0
X1EUN88N,0
X1JUPQ0003,0
X1JUEDG003,0
X1JN2FA003,0
X1JU8VU003,0
X1GHM8GN,0
X19SB4A003,0
X1L9NPU003,0
X1L6FRG003,0
X1JGGU8003,0
X1OM11ON,0
X481PA,0
X443IS,0
X3C7JJ,0
X443CC,0
X3C73E,0
X40OEG,0
X40PR1,0
X443MK,0
X3C7IC,0
X40QJM,0
X3C7H2,0
X40OOL,0
X40PTN,0
X40PLL,0
X485SA,0
X443O6,0
XA6Q94,0
X40SHR,0
X444UL,0
X444PJ,0
X3CAKB,0
X3CAH1,0
X3CAHO,0
X444OQ,0
X3CC2P,0
X40UT1,0
X3CC0N,0
X4LQ23,0
X4LPMM,0
X44657,0
X446C9,0
X4475G,0
X3CHS8,0
X3CJ5Q,0
X3CHM0,0
X3CJ19,0
X3QQQJ,0
X3QQKK,0
X447D4,0
X4499M,0
X3CTHD,0
X48E2S,0
X48F18,0
X4495K,0
X48E6D,0
X48FBR,0
X48D9R,0
X48F8J,0
X43QVL,0
X43QTK,0
X43R24,0
X48HPN,0
X44CU6,0
X48GPG,0
X48I26,0
X48HK2,0
X48IAN,0
X44EM4,0
X48NBF,0
X416GL,0
X3D675,0
X44EJ3,0
X43S4O,0
X44G40,0
X41AHR,0
X41A1D,0
X41B2L,0
X3V69B,0
X419PF,0
X41C5Q,0
X41B8S,0
X41AVN,0
X3OK9J,0
X41B5R,0
X3V6FN,0
X41C5H,0
X3V6FU,0
X3V6C0,0
X41DEL,0
X41EOB,0
X3RNER,0
X44I80,0
X41H15,0
X3RPQ5,0
X3E4A4,0
X41K8V,0
X41JJM,0
X41QEJ,0
X3VDOF,0
X3S9O1,0
X3G2LD,0
X49AD2,0
X3RLSV,0
X3SSKO,0
X426CR,0
X45K4U,0
X3MV2U,0
X3MVFQ,0
X42BDI,0
X49GIG,0
X42C52,0
X42LBO,0
X42N94,0
X45OMN,0
X3TUKQ,0
X3NOTB,0
X42NBF,0
X3U1IN,0
X3U183,0
X3TV2M,0
X42N49,0
X42N7A,0
X3TTRO,0
X2NKA0,0
X3NQJA,0
X45PMO,0
X42O6H,0
X3TUE7,0
X3U188,0
X3TVLB,0
X3U1QR,0
X42OMN,0
X3U31L,0
X42NAP,0
X3TVKN,0
XA6QON,0
X3NP37,0
X3I7F0,0
X9VHEG,0
X3U13P,0
X3NR7Q,0
X3TULB,0
X3U2U5,0
X3NSV4,0
X3U37D,0
X3NU7R,0
X42OSJ,0
X45Q3B,0
X3U3ML,0
X3I7F9,0
X3O1UG,0
X3I8Q0,0
X3O84J,0
X3U30D,0
X42P0K,0
X3NV37,0
X3O09S,0
X3O413,0
X3U6HU,0
X3U4L6,0
X3TV6L,0
X2F1A3,0
X3I5UD,0
X3O5NE,0
X3O6AF,0
XA6R7B,0
X3I8T1,0
X3O4NI,0
X3O6EL,0
X3U6QC,0
XA6R3S,0
X2F19J,0
X3O772,0
X3O66A,0
X3OF46,0
X3U7I8,0
X3OFU0,0
X2NVMS,0
X3OCV0,0
X27P9Q,0
X3IAB7,0
X3P3QU,0
XABEGD,0
X2V9J8,0
X2V9KA,0
XABF9E,0
XABLON,0
X460D9,0
XABMH1,0
X2NQK3,0
X39TAH,0
X3J6H3,0
X3I2CV,0
X4AAT6,0
X32U77,0
X2O1GR,0
X3I0E0,0
XABU1C,0
X4AF96,0
X4AB0T,0
X3V25N,0
X32FS2,0
X3A0F4,0
XAFFSK,0
X46872,0
XAFGAF,0
X468D8,0
XABVJ9,0
X4AG56,0
X469HH,0
XAFHAM,0
X3VA21,0
XAFHFV,0
X31SEL,0
XAFHIV,0
XAFI1K,0
X3V9UV,0
X3IBN1,0
X4AHRD,0
X46BKA,0
X3I6D2,0
XAFKDC,0
X53O7H,0
XN89SJQNB5G0,0
XA0GHT,0
X4S908,0
X3VFKI,0
X3IHSU,0
X543SG,0
X31UTV,0
XAC3OL,0
X330M5,0
X3P56O,0
X4NB4O,0
X3M443,0
XAC7OM,0
X3A3H7,0
X32DUH,0
X4Q4AH,0
XACAAP,0
X3NRO8,0
X3QRJP,0
X2A9CM,0
X2AI3U,0
X6BK6E,0
X19H8GK003,0
X1BD2RS003,0
X19GHSE003,0
X19B64I003,0
X1F3V90003,0
X3T4TB,1
X3JG7B,1
X53G5V,1
X3JGJF,1
X53H22,1
X3IV96,1
X53GN3,1
X3N6OU,1
X3IV45,1
X2S1VV,1
X3IV58,1
X3NHGG,1
X3BCQS,1
X3U0IN,1
X3JG8P,1
X3U0KR,1
X3U0M5,1
X3IV0O,1
X3U0AL,1
X53GKR,1
X3JGF3,1
X3NHHV,1
X3NHEA,1
X3NGPC,1
X3IUPI,1
X3IV2B,1
X3CM8A,1
X9VBMG,1
X53H69,1
X9VBMK,1
X3CESF,1
X3N6K1,1
X3C14B,1
X3BCL3,1
X3NH83,1
X3CF83,1
X3NH06,1
X3CEAP,1
X3CEBA,1
X3CEAK,1
X3CEA0,1
X3CEAN,1
X3BMFB,1
X3CEPF,1
X3N6OS,1
X9UDT5,1
X3BMRV,1
X3BMPN,1
X3C07F,1
X3C064,1
X28DA9,1
X9UDRU,1
X3IK59,1
X9UDS8,1
X3BCJB,1
X3CF30,1
X3BMD7,1
X3BMUH,1
X3DBS4,1
X9UDS5,1
X9UE50,1
X3C0E2,1
X3CMEC,1
X9UDQ8,1
X3CEVR,1
X3N6GR,1
X9UE14,1
X3D2KN,1
X3D2QU,1
X3D2IN,1
X3OMN8,1
X9UDNT,1
X9UDNS,1
X9UDNQ,1
X9UDNR,1
X3CF87,1
X2S1O7,1
X3DBG6,1
X3OMV5,1
X3DC27,1
X3DTB8,1
X3ECUH,1
X3OMSV,1
X3EN40,1
X3DTVR,1
X3OMFU,1
X3DT8M,1
X9VBS4,1
X3LJDL,1
X3LJ0F,1
X3LJFG,1
X3R7CN,1
X3LJDA,1
X3LJ8K,1
X3LJ7O,1
X3R7IQ,1
X498VC,1
X3GJMS,1
X4494R,1
X3FTJG,1
X3FTU5,1
X3GG7S,1
X3GGHM,1
X3GGHC,1
X3GJPQ,1
X3GGSD,1
X3G5P8,1
X3GG9A,1
X3FTRM,1
X3FT5C,1
X3FT8E,1
X3FT3O,1
X9VCD7,1
X4991C,1
X3FTMP,1
X3LJ0V,1
X3GODE,1
X3GOD0,1
X3GOCJ,1
X3GNHO,1
X3GQC4,1
X3H32K,1
X3GQDE,1
X3GMSA,1
X3GQFB,1
X2D7C6,1
X2D7CO,1
X3GPI9,1
X3GOK1,1
X2D6O7,1
X2D6N1,1
X3GOI3,1
X3M0CA,1
X3DBGI,1
X3GML8,1
X3GMKN,1
X3GRM7,1
X3GRKR,1
X3H027,1
X3GN9B,1
X3H0E7,1
X3GRAB,1
X3GQC3,1
X2D6U8,1
X3GN8J,1
X3H31V,1
X9VB9N,1
X3CM8G,1
X44TGF,1
X44TH5,1
X3IBBQ,1
X4A2AE,1
X4A1JJ,1
X3M3CD,1
X3I834,1
X3I8FO,1
X3I8F8,1
X3BMT7,1
X3H4RP,1
X3ED1A,1
X3IB1D,1
X3IB16,1
X3IB17,1
X3IB04,1
X3IBEL,1
X3S7OV,1
X3IBAG,1
X3S85H,1
X3I851,1
X3ICQC,1
X3ICPB,1
X3S7SS,1
X3S5LG,1
X3ID5A,1
X3VTG8,1
X3IB32,1
X3MCVA,1
X3VTFV,1
X3VTF6,1
X3VTD8,1
X3VTNH,1
X49ROH,1
X3IMFV,1
X3IEM6,1
X3S7TR,1
X3D2GI,1
X3ID60,1
X3S7PO,1
X3IEP8,1
X3IEI7,1
X3IIQ0,1
X3MCTQ,1
X3MC9V,1
X3ID0G,1
X3S7ON,1
X3S7I8,1
X3VTRP,1
X3VTDT,1
X3S80Q,1
X3MCOH,1
X3MCBN,1
X3VTO3,1
X3IMMK,1
X3IMIH,1
X49Q0M,1
X4A2A0,1
X49RMF,1
X49RGO,1
X3SD2H,1
X3IR7T,1
X3IMCS,1
X3VTM3,1
X3IR9H,1
X45V8O,1
X3IMKA,1
X49RMO,1
X3SDAK,1
X3IMI2,1
X49ROS,1
X3SD82,1
X3IMOJ,1
X45UV7,1
X3IMQR,1
X45V5O,1
X45USN,1
X3IR7Q,1
X45V8F,1
X3ISD9,1
XK8NCGN,1
X3ISGD,1
X3ISDV,1
X3IR0H,1
X3ISHF,1
X3IR74,1
X3ISHT,1
X3ISVT,1
X400R0,1
X3ITJS,1
X4A0Q1,1
X3ITOF,1
X3ITNS,1
X4A02F,1
X400NC,1
X3ITEQ,1
X3IRAV,1
X400IG,1
X400LO,1
X3ISNM,1
X4A06N,1
X4A0BJ,1
X4A0C7,1
X4A0PC,1
X4A0MN,1
X4A0N9,1
X4A2GB,1
X4A0TL,1
X462GD,1
X462F3,1
X462DK,1
X4A72U,1
X4A0HL,1
X462F7,1
X462GP,1
X400MB,1
X4A363,1
X3JA4R,1
X3JABI,1
X3JC46,1
X4A865,1
X4A877,1
X4A86L,1
X4A88O,1
X4A8I1,1
X3JC5D,1
X3JBQE,1
X3JA9I,1
X3JBTS,1
X4AAKJ,1
X3JF99,1
X4681J,1
X3JAEC,1
X4A8E4,1
X4A7CK,1
X4AAJS,1
X3ECV9,1
X3JF6U,1
X4ABNU,1
X4A881,1
X4A6U1,1
X4A6U3,1
X4A6TH,1
X43C6L,1
X4680I,1
X4AAQA,1
X4674N,1
X4B64G,1
X4B62S,1
X4684H,1
X4AIP9,1
X46A6K,1
X4AIIM,1
X46CP8,1
X9VD8K,1
X46AAK,1
X43BUC,1
X43BUV,1
X4AIBC,1
X4AIBN,1
X4AIBM,1
X46A1T,1
X46AB1,1
X4AIH5,1
X4AIEN,1
X46H2O,1
X9VDA8,1
X4ABIU,1
X4AIOM,1
X4AIJC,1
X4AIJ4,1
X46CKR,1
X46CGQ,1
X46CHB,1
X43C9C,1
X43C52,1
X43C8S,1
X4AIA7,1
X4683P,1
X43DO1,1
X9VD72,1
X4AKOQ,1
X4AKRO,1
X9VD8L,1
X9VCVM,1
X4AKP9,1
X9VD7C,1
X4AKS5,1
X46J58,1
X4AL0D,1
X46CKQ,1
X9VD5K,1
X46JH2,1
X4AMTV,1
X3JTJ8,1
X4AMJ1,1
X46J80,1
X3JTTM,1
X3JTT4,1
X46COO,1
X4AMHH,1
X4AMLT,1
X4AMLA,1
X4AMMD,1
X46GRQ,1
X4AML0,1
X4AKQH,1
X46H4H,1
X4AM9N,1
X43DK7,1
X4AMAS,1
X4AMBB,1
X46J08,1
X4AMK1,1
X4AKVH,1
X43DO4,1
X46J0O,1
X46J7F,1
X3JI36,1
X43DPD,1
X46HCA,1
X4AKTS,1
X46CQF,1
X43DJQ,1
X43DRO,1
X46IVH,1
X46H6J,1
X46CLI,1
X46CR1,1
X46HA0,1
X46HAB,1
X3JTIF,1
X43DN2,1
X4AMCJ,1
X4AOD7,1
X46O5F,1
X46NAO,1
X4AN2K,1
X4AMU8,1
X4AN00,1
X3K1JF,1
X3K1G9,1
X3K1J4,1
X3K1D0,1
X3K1QD,1
X46NF1,1
X46NKO,1
X4AO3H,1
X46NID,1
X4AOID,1
X43G7S,1
X43G6O,1
X43IV0,1
X3B6UI,1
X46NVS,1
X43IQO,1
X3Q18G,1
X3N515,1
X3N4RJ,1
X1VT76,1
X3B6SD,1
X408JI,1
X43V5Q,1
X3N4VF,1
X407M5,1
X4078I,1
X4DILP,1
X43V9E,1
X3B6Q0,1
X3B71S,1
X3N50C,1
X407OF,1
X43IT5,1
X43ITO,1
X407M7,1
X3Q14B,1
X9VE1O,1
X9VDUB,1
X407JL,1
X3K1DQ,1
X3Q13V,1
X1VT1V,1
X4DI71,1
X3Q18T,1
X43V3M,1
X3B6U7,1
X3Q152,1
X3B6TM,1
X3Q159,1
X3B6Q5,1
X3Q14S,1
X3B71D,1
X3B742,1
X3B8E0,1
X4083P,1
X4084L,1
X4083N,1
X40843,1
X408DF,1
X4DIFJ,1
X3B8D6,1
X3UIIE,1
X3UIHC,1
X3UIHT,1
X47NKK,1
X40876,1
X43V97,1
X408IB,1
X47NSB,1
X408EP,1
X47NP2,1
X408C6,1
X47NQL,1
X408KH,1
X408DA,1
X3B8E8,1
X9VF99,1
X9VFF0,1
X54B48,1
X409RF,1
X4404J,1
X40B1P,1
X47NQH,1
X3BAL3,1
X9VER6,1
X40A2V,1
X43VTJ,1
X3UINK,1
X3UIIM,1
X3UITE,1
X3UIKF,1
X3B8HL,1
X4408K,1
X44080,1
X9VER1,1
X40A2I,1
X3B8N4,1
X408HE,1
X47KIK,1
X40AA3,1
X44026,1
X40AA9,1
X4AODJ,1
X3BAME,1
X40AC1,1
X40ABJ,1
X3UIOI,1
X3UIOB,1
X44090,1
X47NG1,1
X3UIIR,1
X40B53,1
X40A8K,1
X3BB0Q,1
X4ANUD,1
X3BB10,1
X3BAC4,1
X3BABF,1
X47L7A,1
X47KFB,1
X47L4S,1
X40D38,1
X3BAMB,1
X40CH7,1
X47M78,1
X3BFA1,1
X40D1A,1
X47M7Q,1
X3BAQ1,1
X47L6Q,1
X47L0M,1
X47KUS,1
X3BAPS,1
X47L3L,1
X40AUR,1
X47L6L,1
X47N15,1
X40CUB,1
X40CF5,1
X47L6V,1
X47LFQ,1
X47LA4,1
X47LEC,1
X40CG2,1
X40CHK,1
X40D28,1
X47MPO,1
X3BF4O,1
X40CAU,1
X47L7I,1
X40AVI,1
X3BAUI,1
X3BB1V,1
X3Q67R,1
X3BFI2,1
X40DFA,1
X3BFFT,1
X3BFGB,1
X3BF7F,1
X40DBK,1
X40DB6,1
X40EB8,1
X40DJ3,1
X3BFAL,1
X3BIKU,1
X40EN9,1
X40EIV,1
X40DVF,1
X3BISI,1
X47QM2,1
X47PVI,1
X40G82,1
X40DKV,1
X40F29,1
X40F35,1
X47MLQ,1
X47NAG,1
X40FUM,1
X47PQI,1
X47Q5J,1
X40EQP,1
X40EOL,1
X47Q7M,1
X40ENQ,1
X40G3F,1
X47POH,1
X3BH64,1
X3BJ23,1
X47QAS,1
X40GD3,1
X3BFE3,1
X40FVG,1
X3BINM,1
X47R1H,1
X47RGP,1
X47T9L,1
X47QRD,1
X47Q9H,1
X47QUC,1
X40IR0,1
X47RPQ,1
X3BIOD,1
X3BIKN,1
X47SGF,1
X47SCM,1
X47QHE,1
X40IPQ,1
X47RRJ,1
X47SC2,1
X3Q9QN,1
X47UBJ,1
X47THH,1
X40IIG,1
X47SF2,1
X3BLP3,1
X40IUR,1
X3Q9S1,1
X47Q9S,1
X3Q9Q6,1
X3Q9PO,1
X3Q9R2,1
X40IM1,1
X47TQ8,1
X47TTG,1
X3BIPL,1
X3BOEH,1
X3BOFG,1
X47UC0,1
X47U4G,1
X3BL5F,1
X40KMQ,1
X40KJH,1
X3NN7H,1
X40LHD,1
X3BOLO,1
X3Q9VL,1
X3BQBR,1
X3BR63,1
X3BRB2,1
X40LGB,1
X3NN71,1
X3BLHI,1
X40LO2,1
X40LQB,1
X40KI3,1
X40KSB,1
X3BQ7H,1
X40LKB,1
X3NN52,1
X3BPIC,1
X3BPS2,1
X3BRF6,1
X40LG4,1
X3BRAO,1
X40LQ7,1
X3BRFV,1
X3BOOL,1
X3BOOE,1
X3BRD4,1
X40KRA,1
X3BR9P,1
X3BR22,1
X40LI5,1
X3BR42,1
X3BVA0,1
X481M1,1
X40OHL,1
X40NDC,1
X3UPA6,1
X4437T,1
X442JU,1
X3UPA7,1
X44253,1
X4424H,1
X3BVJ5,1
X4434J,1
X3BV3C,1
X40NF6,1
X4432F,1
X3UPA9,1
X40NEN,1
X44322,1
X4436O,1
X442GH,1
X4436M,1
X4434S,1
X3UP61,1
X3UP0C,1
X442S4,1
X4429U,1
X481GP,1
X44245,1
X442FH,1
X481R6,1
X3UP2Q,1
X443MB,1
X443AD,1
X443I5,1
X47SM3,1
X40OBK,1
X40NSL,1
X40OF9,1
X3UPA4,1
X40ON0,1
X443TR,1
X443LL,1
X44421,1
X443T7,1
X40OJ4,1
X40PNC,1
X4432Q,1
X443GI,1
X47MO5,1
X443V0,1
X40PQG,1
X40Q6N,1
X40PRF,1
X3C7H0,1
X4446E,1
X40Q5F,1
X40Q7R,1
X4442D,1
X40RJR,1
X485BT,1
X3C7MN,1
X40SJ2,1
X40SIP,1
X40SI8,1
X40RMP,1
X40RMG,1
X40RLF,1
X4872P,1
XA6QBG,1
XA6Q96,1
X40SIB,1
X40SFF,1
X40QUI,1
X485VP,1
XA6QH3,1
X40RIE,1
XA6QD0,1
X444PN,1
X40SNF,1
XA6Q9L,1
X40QH8,1
X444RA,1
X40SAN,1
X3C9RG,1
X40U12,1
X40U25,1
X40U13,1
X40SDO,1
X40RCL,1
X3C9U4,1
X3CBTS,1
X40V9E,1
X3CAAL,1
X40TVK,1
X40UBB,1
X445G5,1
X445E2,1
X445O2,1
X40V5B,1
X4LPJS,1
X40Q5D,1
X3CICA,1
X3CIPE,1
X3CIPU,1
X4LPVI,1
X4LPVL,1
X445JB,1
X3CI9V,1
X40V8D,1
X4LPLU,1
X3CCED,1
X40U90,1
X445DI,1
X40U2B,1
X3CCLL,1
X4LPQ0,1
X40V7I,1
X485UA,1
X3CHJV,1
X446FA,1
X4899J,1
X3CJ4K,1
X445SE,1
X3CIB4,1
X3CIBA,1
X446AN,1
X446TD,1
X4471G,1
X410JC,1
X3CHKF,1
X3CILR,1
X488PL,1
X3QQNE,1
X410JP,1
X7L0CB,1
X3QQL4,1
X410JU,1
X488UB,1
X410OJ,1
X410PI,1
X447I5,1
X3QTE2,1
X3QT2Q,1
X3QT51,1
X447RM,1
X48A2I,1
X48A16,1
X48A87,1
X44836,1
X3CN9R,1
X3CMPC,1
X447T8,1
X448GV,1
X3CNCI,1
X448CN,1
X3CQCM,1
X3CQDI,1
X448MC,1
X43Q58,1
X43Q5I,1
X448DJ,1
X43Q4V,1
X3CQNT,1
X448DG,1
X48C38,1
X48GS4,1
X3CQPR,1
X43Q6I,1
X448UC,1
X448UK,1
X448U1,1
X48C5N,1
X44981,1
X43QTQ,1
X48DTO,1
X3CTBB,1
X48DAN,1
X48FDT,1
X48F3U,1
X3CTGU,1
X44CI1,1
X48F4B,1
X44CQF,1
X44CQU,1
X44CBL,1
X48HKN,1
X41454,1
X48HMV,1
X414F2,1
X4148E,1
X48HHF,1
X44C90,1
X4141K,1
X4140A,1
X4140V,1
X3OF1D,1
X3OEPS,1
X416EE,1
X43S7H,1
X48MBM,1
X416LM,1
X43S5G,1
X48MMO,1
X48M9M,1
X44EHO,1
X48NPD,1
X48N82,1
X44DJL,1
X48OVP,1
X48M7O,1
X48P9T,1
X3D962,1
X3D954,1
X44EO4,1
X418DN,1
X48P68,1
X3D8LF,1
X3D8R9,1
X43SLO,1
X43SM5,1
X43SMH,1
X43SQO,1
X43S8F,1
X419TK,1
X3R2IS,1
X419UK,1
X48OVF,1
X41AGC,1
X41AGQ,1
X43SRP,1
X41ACH,1
X419PU,1
X43SO1,1
X43SU4,1
X43STO,1
X48M9P,1
X3DHTM,1
X9VGK6,1
X41A3F,1
X44G6N,1
X3DI40,1
X3OJUB,1
X3OJTE,1
X419Q9,1
X41DI8,1
X48SMO,1
X41F3N,1
X48SOC,1
X3DPB5,1
X3RLHV,1
X3RL8T,1
X48SLE,1
X44HHE,1
X48SGF,1
X41EP7,1
X41EOK,1
X3DP1S,1
X44H8S,1
X41EN1,1
X44HMU,1
X3V6A9,1
X48TLG,1
X44IE3,1
X44HH2,1
X48V6E,1
X44HMD,1
X41F11,1
X41F9V,1
X3RO8S,1
X44HS0,1
X44I4M,1
X41G8E,1
X48ULO,1
X44IHI,1
X44HV4,1
X41GCF,1
X3E0TS,1
X44K1L,1
X48UN3,1
X3E0MI,1
X41G8P,1
X44IJ1,1
X41ESK,1
X41F0H,1
X44JNN,1
X44K1E,1
X44IA0,1
X44IST,1
X41GVM,1
X44K8L,1
X41F79,1
X48T7P,1
X3E0NV,1
X44J38,1
X44JI5,1
X41HL1,1
X48VF0,1
X44HRA,1
X44HRM,1
X44HH4,1
X3RPPG,1
X41EVC,1
X44K12,1
X3RPVO,1
X48TDF,1
X44J8G,1
X3E4AO,1
X41GTG,1
X44K7M,1
X44IQD,1
X44JKN,1
X492VM,1
X41H0O,1
X41H1T,1
X41H1B,1
X41H14,1
X3E0MB,1
X3L9P5,1
X492D4,1
X3RPOD,1
X492T6,1
X492DD,1
X49359,1
X44JMT,1
X41JKA,1
X3E49G,1
X3RO5J,1
X41JNM,1
X41HMJ,1
X3RO4P,1
X3E456,1
X3ROD5,1
X3RPVM,1
X44MTU,1
X44LF6,1
X492M9,1
X492LL,1
X3RQ0B,1
X492VG,1
X492B4,1
X3L9N3,1
X41K2Q,1
X41KM6,1
X41KK8,1
X3RR7H,1
X3RRRH,1
X41IPO,1
X44IH4,1
X3RRPJ,1
X41ILF,1
X44LBO,1
X41IOG,1
X3RPS3,1
X3RSVH,1
X3RSV4,1
X3L9HR,1
X44NIS,1
X44MNM,1
X54D6R,1
X41KM9,1
X41K2V,1
X54D6E,1
X44N0H,1
X44N0B,1
X41K8B,1
X44NB1,1
X44MI0,1
X3RSRJ,1
X44NDJ,1
X41JJB,1
X41JHA,1
X41JNB,1
X44M10,1
X3RS4H,1
X41K9C,1
X3RULI,1
X44N7T,1
X41KOE,1
X3RUOM,1
X3RUQH,1
X3RUFD,1
X44MGS,1
X3RUKT,1
X44N33,1
X3RULE,1
X44NKA,1
X3RS5Q,1
X41K7R,1
X3RUGH,1
X41LIH,1
X44N50,1
X41NES,1
X41O9A,1
X3RVS7,1
X41N7F,1
X3EFVA,1
X41LE6,1
X41N8K,1
X44NBL,1
X3RRT9,1
X3EG7D,1
X3RVVH,1
X41NRA,1
X3RVM0,1
X3RVM1,1
X3S066,1
X41NVP,1
X41NUG,1
X3S2HV,1
X3S08T,1
X3S09I,1
X3S069,1
X41NSD,1
X3S0UC,1
X3EGDH,1
X41NTT,1
X41NF6,1
X41NR6,1
X41O0F,1
X496AS,1
X41NUC,1
X3S0AB,1
X41O51,1
X41NQ1,1
X496II,1
X44PC1,1
X41NU8,1
X496IT,1
X44N55,1
X41OQM,1
X3S2FQ,1
X41OSE,1
X41ONU,1
X41P4E,1
X41P3L,1
X41PAI,1
X3ERH6,1
X3S2QH,1
X41O6G,1
X3VDH0,1
X3ERIN,1
X41P8H,1
X3F1DC,1
X3F20A,1
X3F25H,1
X41OOP,1
X496VP,1
X4974K,1
X3S2II,1
X497BN,1
X41PDI,1
X41OTK,1
X3ESLL,1
X49779,1
X3F27T,1
X4974U,1
X3ESGK,1
X3RVQI,1
X3VDC8,1
X3F264,1
X41QF6,1
X41QBD,1
X3VDFM,1
X41QEF,1
X4979D,1
X3S4OK,1
X3S5F7,1
X41QDF,1
X3S6B4,1
X44T31,1
X41QBM,1
X41QHI,1
X3F9D9,1
X44SQL,1
X44TAC,1
X41QMD,1
X41RH1,1
X41R5D,1
X51JHH,1
X41RGL,1
X41SA8,1
X44TAV,1
X41RLB,1
X9VGPO,1
X41RL0,1
X41QF9,1
X41S6R,1
X41SAE,1
X44SNF,1
X3S6A2,1
X3F9JR,1
X3S6F3,1
X51JJ9,1
X3S6Q1,1
X41RI1,1
X41S8A,1
X41RLR,1
X3S46K,1
X41RI9,1
X51JP2,1
X3S6F0,1
X3S6BO,1
X41SHU,1
X21L1F,1
X3S7LE,1
X3S6TO,1
X3S6H1,1
X3S6EB,1
X41R24,1
X3S6ST,1
XN882BQNB5G0,1
X41R0Q,1
X51JTS,1
X41SOE,1
X3F1GF,1
X44DEG,1
X41STL,1
X3S6OO,1
X3S6D4,1
X51JT9,1
X41SK2,1
X21KKO,1
X3S9ME,1
X3S7I9,1
X41TNH,1
X41TQC,1
X21KOM,1
X41TP6,1
X2NT53,1
X21L42,1
X21L7O,1
X41U1F,1
X41TN9,1
X21KR0,1
X21L05,1
X3F96M,1
X41U77,1
X44DH4,1
X41UAE,1
X3G2LC,1
X3G45C,1
X3G3UN,1
X3G2BT,1
X3FRVH,1
X41UB8,1
X3SBD0,1
X3SB7H,1
X3SD9P,1
X3RKNP,1
X3VH20,1
X3SAHM,1
X3RKCK,1
X41U9H,1
X41UEN,1
X41U5G,1
X3G797,1
X41V5D,1
X3G0SD,1
X3RK9L,1
X41VDC,1
X41UVM,1
X3G7NG,1
X41TVM,1
X3FRTS,1
X3SBB4,1
X3SBAL,1
X3RJVQ,1
X41U4Q,1
X3SBGN,1
X3RKMM,1
X3G42E,1
X41V1V,1
X41UBG,1
X3RKLV,1
X3FRPL,1
X49AGP,1
X3G77L,1
X420CQ,1
X41VIQ,1
X3SC89,1
X41U8H,1
X3SBCD,1
X3RLT1,1
X4200I,1
X420ML,1
X3G79S,1
X3RLJ6,1
X49BFV,1
X4204S,1
X420EJ,1
X4206U,1
X49AHF,1
X2NTAA,1
X4218V,1
X3RLGT,1
X3RLJA,1
X3RLIL,1
X3RLI8,1
X41VUB,1
X3RLSQ,1
X4213T,1
X3SFF6,1
X49BLK,1
X3LPRS,1
X3SFSG,1
X457V2,1
X420SQ,1
X420VP,1
X4210P,1
X3GBRJ,1
X457TO,1
X458C0,1
X3LQ0M,1
X3SIG3,1
X49BL6,1
X458TV,1
X3GBO8,1
X3SIS2,1
X420M8,1
X42100,1
X3VEH3,1
X45951,1
X45800,1
X3LPNK,1
X3LPO6,1
X4218G,1
X3SICT,1
X3SLRU,1
X3SK5P,1
X3SIAM,1
X3SIUA,1
XN888FQNB5G0,1
X4234U,1
X421KG,1
X421HR,1
X3SJ0E,1
X3GIOH,1
X3SLV6,1
X54DI6,1
X3LQO4,1
X3SIB0,1
X2ND3C,1
X3SKTD,1
X421T3,1
X3SMG3,1
X42195,1
X3SLI6,1
X3SL22,1
X3SJR9,1
X4222L,1
X4227S,1
X4226Q,1
X2ND69,1
X3SO51,1
X3SK0K,1
X422UA,1
X3SLU0,1
X3SLEC,1
X3GLQQ,1
X422RE,1
X4232G,1
X3SMJ8,1
X422LP,1
X3RO4F,1
X9VGRK,1
X44M9P,1
X3SLCT,1
X3GLLC,1
X3SSPE,1
X3LQG8,1
X3RNES,1
X4246U,1
X3SLEI,1
X2SR0O,1
X3GLO3,1
X49CF4,1
X3SQE3,1
X423JR,1
X3GLOO,1
X3SQ0D,1
X9VGSE,1
X423M0,1
X49CJB,1
X45BJT,1
X3GLN4,1
X423MQ,1
X3SL02,1
X3SPEK,1
X2NDHM,1
X9VGST,1
X9VH3H,1
X3SP9N,1
X3SPV0,1
X423MT,1
X3SPMS,1
X3SQNH,1
X3SPML,1
X423IR,1
X3SU1H,1
X425GC,1
X4253T,1
X3STSL,1
X424V9,1
X3SQ9L,1
X3SQNP,1
X423FN,1
X3SS00,1
X3SV15,1
X426A2,1
X2NDTD,1
X3SRLD,1
X4240M,1
X3SRPC,1
X3STBV,1
X3SUBU,1
X9VH3M,1
X423F5,1
X3ST8N,1
X3SQRK,1
X2NE1U,1
X3ST7G,1
X3STC7,1
X3SSUE,1
X3ST2B,1
X2SR3R,1
X3SSUJ,1
X2NDNR,1
X3SRNF,1
X3SVJ4,1
X3SU0U,1
X3SSJ8,1
X3SPO6,1
X3SV5P,1
X3T07O,1
X425A4,1
X3SVL6,1
X3T0OG,1
X3ST5Q,1
X3SUBA,1
X3SVND,1
X3T03O,1
X426E2,1
X3T07S,1
X42689,1
X3T2HQ,1
X425B7,1
X3SV48,1
X3T20N,1
X426FV,1
X3STR6,1
X3SV1G,1
X3SVJ6,1
X3SV0F,1
X3SVLB,1
X3SVM2,1
X3T2KJ,1
X3T2JG,1
X3T407,1
X42898,1
X3T0FO,1
X3T2L3,1
X426JO,1
X42775,1
X3T1OP,1
X49DML,1
X3T1M7,1
X3T1LK,1
X3T1R8,1
X2NEB6,1
X3T0L1,1
X426L5,1
X3ST3S,1
X3SV55,1
X3T42O,1
X3T41M,1
X3T2B5,1
X3T161,1
X3T7GA,1
X3T3LB,1
X3T6VJ,1
X429BU,1
X3T4EE,1
X428IG,1
X3T3O0,1
X426J4,1
X427UO,1
X3T2IR,1
X49ELF,1
X428EP,1
X3T61I,1
X427BV,1
X42877,1
X3T1VK,1
X3T3FT,1
X426EK,1
X428C8,1
X428F5,1
X3T4Q3,1
X3TABT,1
X3T797,1
X45HPC,1
X427GF,1
X3T7RI,1
X2NF5V,1
X3T7TB,1
X3TBKK,1
X2NF60,1
X3T8B3,1
X3T75S,1
X3T7TP,1
X42AAI,1
X3GS5P,1
X42A9E,1
X3T80G,1
X49EFA,1
X429GO,1
X3GQTA,1
X3GSJT,1
X3T7K2,1
X3GQRA,1
X3T8BN,1
X3TBG2,1
X3GS92,1
X45HQH,1
X42AA0,1
X3T89L,1
X429D3,1
X42A9D,1
X3GR0F,1
X3GSHL,1
X3GR3L,1
X3GSIO,1
X3T8HT,1
X3MT9F,1
X49E7B,1
X3T714,1
X3T8MD,1
X3TAMJ,1
X429NC,1
X42C3R,1
X3T7VL,1
X3TE7L,1
X3T67J,1
X3TAJS,1
X3TAK2,1
X3T9UD,1
X3TE8D,1
X3MU7P,1
X42AL9,1
X45L2I,1
X3TDSH,1
X3MU4I,1
X3MVLO,1
X3MTA1,1
X2NTP3,1
X42AI0,1
X3TGOH,1
X3MU0E,1
X45JNN,1
X3TAMM,1
X45L6G,1
X45L6M,1
X3MUCQ,1
X3TGKE,1
X45JQ4,1
X45JGQ,1
X3TF51,1
X42AFF,1
X45JR0,1
X3T8Q7,1
X3TATA,1
X3TGG8,1
X45M19,1
X42DEO,1
X2NGN1,1
X3GVMP,1
X3GV9I,1
X3THV5,1
X3GV90,1
X45L66,1
X3GUVE,1
X42D82,1
X49GFC,1
X3GV54,1
X2NGSH,1
X3TGE7,1
X3N0DK,1
X3MV6Q,1
X3TGJ5,1
X3GVI8,1
X3GVKI,1
X3MV1J,1
X3GVEA,1
X45L34,1
X3GTJB,1
X42EUH,1
X3TI9B,1
X3TJ7T,1
X3GTJC,1
X49G4I,1
X42EVH,1
X3TI3K,1
X42ECJ,1
X42H5L,1
X42DJD,1
X49GGB,1
X49G34,1
X42CBC,1
X3TM4B,1
X42DM4,1
X42D8F,1
X3TIN7,1
X45M63,1
X42E9F,1
X42EER,1
X49GG8,1
X3TIN0,1
X3TIRA,1
X42GPB,1
X42ILU,1
X3TK69,1
X3TKQ8,1
X49HSH,1
X3TLB1,1
X3TK6B,1
X3TIDD,1
X3TIJV,1
X42DUJ,1
X42FV9,1
X3TKMP,1
X3TJ7G,1
X42F45,1
X49GEV,1
X3TLV6,1
X3TLVR,1
X49GAU,1
X42GCU,1
X3TO94,1
X3TN5P,1
X42F2F,1
X3TJDF,1
X42G8D,1
X45M1C,1
X3TM6L,1
X3TNVV,1
X3TP3O,1
X42JHR,1
X42G48,1
X3RVGL,1
X49H5D,1
X42FL7,1
X3TKJ5,1
X49HEA,1
X49HDA,1
X3H24T,1
X49HSS,1
X42I8D,1
X42GBQ,1
X42JEB,1
X49GVI,1
X42F92,1
X49HEQ,1
X3TK0U,1
X49HJG,1
X49H37,1
X42GP0,1
X3N2AT,1
X49H8D,1
X42FRA,1
X42JER,1
X42H9P,1
X42F1B,1
X3TLUU,1
X49IIE,1
X42KDV,1
X3TQV0,1
X2NJ5J,1
X3TQOH,1
X49IGK,1
X3RVDB,1
X3TOID,1
X42K6K,1
X3TP7O,1
XA6QIU,1
X3TOBD,1
X3TOLN,1
X3TOI7,1
X3H24C,1
X45NMN,1
X49IHU,1
X3TQGP,1
X42L31,1
X45MQS,1
X3TNUR,1
X3TQKN,1
X49HH0,1
X49IK8,1
X3N3BU,1
X3N3FI,1
X45MPM,1
X3TQOF,1
X3N2Q7,1
X3H4BI,1
X42K93,1
X2NJ4L,1
X3TQSD,1
X3N47H,1
X3TR0G,1
X3N3G1,1
X42KKI,1
X3TQLJ,1
X3N3DM,1
X2N73L,1
X3N4CB,1
X3N3AR,1
X45MVM,1
X3TRV9,1
X2NJD6,1
X3N3LT,1
X3TQLD,1
X3H4DQ,1
X2NU39,1
X3TR1I,1
X3TUDM,1
X42KRP,1
X3RVSG,1
X49IR3,1
X3TRUH,1
X3H42E,1
X42KL1,1
X45NJ9,1
X3TSGR,1
X3TRON,1
X3TSE3,1
X45O2F,1
X45ODH,1
X3TSFM,1
X45OCG,1
X3TSA4,1
XA6QIS,1
X3NON6,1
X45OLL,1
X45OBV,1
X3TS4V,1
X3TS2J,1
X45NDI,1
X3TS4K,1
X42MPA,1
X45OFT,1
X3TUJ4,1
XA6QI9,1
X45O4V,1
X45NKV,1
X2F0SU,1
X3U5JN,1
X3OB8T,1
X3U7MQ,1
X3I8SE,1
X3U87O,1
X3OH4K,1
X3U63P,1
X3O6TJ,1
X3OHAN,1
X42TBQ,1
X3U866,1
X3U87K,1
X3OA1R,1
X42RO7,1
X3OF74,1
X3OBSL,1
X3OGDH,1
X3OB4B,1
X2F143,1
X3OAIQ,1
X3OM85,1
X3U7OR,1
X3U7C4,1
X3IA83,1
X3OAAE,1
X44UQ5,1
X3OI5A,1
X3OLMJ,1
X2NN3I,1
X42UFQ,1
X3U7JL,1
X2NMOK,1
X3U86H,1
XA6RGF,1
XA6RRO,1
X3OECE,1
X2NMC0,1
X3U85K,1
X42UB4,1
X3ONI8,1
X3U8R0,1
X3OPDB,1
XA6SQI,1
XA6RT6,1
XA6T2C,1
X44UJP,1
X3OJCG,1
X3OQIQ,1
X42T81,1
X3OH0B,1
X2NN5S,1
X3ONSA,1
X3OR9T,1
X3OQDL,1
X3U9CF,1
XA6RPE,1
X42UKV,1
XA6RJH,1
XA6SG1,1
X3OAOL,1
X3OOUM,1
X3U9LV,1
X3OPTL,1
X3OPAU,1
X49PLD,1
X2NNBS,1
XA6T41,1
X3UA6R,1
XA6RHE,1
X3U8NO,1
X3OS78,1
X2O4KF,1
X3OQQ5,1
XA6S2G,1
X3S6SO,1
X3OQLJ,1
XA6T8P,1
X3U9MH,1
X3UA7D,1
X3OR5V,1
XA6TDD,1
X3OQ9G,1
XA6ROR,1
XA6ROU,1
X3UAS9,1
X2NO0A,1
XA6SRV,1
XA6T7F,1
X3OR6Q,1
XA6SNT,1
XA6SQU,1
X2NNKD,1
X44UFG,1
X3OPH6,1
XA6RN7,1
X3UA5U,1
XABCDA,1
X3UAUL,1
X2NNI0,1
XA6S96,1
X3OTAT,1
X3OV52,1
X3OSLP,1
X3OQUJ,1
XA6TBG,1
X49OR8,1
XA6T4P,1
X3P2UN,1
XA6RTI,1
X4308R,1
X49P8N,1
X3OT6H,1
X3P4J4,1
XA6TBC,1
X2NNS6,1
X3OVGS,1
X3UBDD,1
X3OUNR,1
XA6SMV,1
X3OTS6,1
X3P3NP,1
X3OQ19,1
XABCUO,1
XABCUP,1
X3UBEN,1
XABCKM,1
XA6TCO,1
X3UBC1,1
X43194,1
X3UCT2,1
XABBI7,1
X2NVS5,1
X3SABM,1
X3U8RE,1
X3SA5R,1
XABCRJ,1
X4317M,1
X431AO,1
X3OUTP,1
X3UCTN,1
X3P46A,1
X2UTVB,1
X3P4JB,1
X2V5FT,1
XABBTR,1
XABBOI,1
X3P5SE,1
XABDTJ,1
XABC47,1
XABDJ6,1
X3P5OK,1
X2NO58,1
X3P2J7,1
XABDL7,1
XABE1H,1
XABEEV,1
X2NOAG,1
XABDV6,1
XABD51,1
XABD7T,1
XABDDK,1
XABBTP,1
XAFFCF,1
X3P2EN,1
XABG5V,1
X3UDOI,1
XABCQM,1
X3P5RE,1
XAFFF4,1
XABD86,1
X3P4CP,1
X3P6N5,1
XABDUN,1
XABBKV,1
XABEF2,1
XABFLD,1
X4338G,1
XABBTM,1
X3UDP7,1
X3UDR3,1
XABC02,1
X3UDHI,1
XABEKN,1
X433F2,1
X3P7JJ,1
X3UDVR,1
XABFD3,1
XAFFEQ,1
XABEQ2,1
X3UDUT,1
XABE6H,1
XAFFDO,1
XABDCP,1
XABHMK,1
XABGLA,1
XABIB0,1
X3P8MK,1
XABHUO,1
XABFPU,1
X2VAE8,1
XABEPK,1
X3UDRQ,1
X3P8N6,1
X3P7L9,1
XABELQ,1
XABFU5,1
X2VAF9,1
X3P7D5,1
XABGCT,1
XABFB8,1
X3UDV6,1
XABFS8,1
XABGFM,1
XABFQV,1
X2NP13,1
X3P8DL,1
X3INMJ,1
X3IO0Q,1
X434C1,1
XABF3H,1
X3UES1,1
X3P7H1,1
X2VAIQ,1
X3MF16,1
X3UDO8,1
X3P8MD,1
XABGF4,1
XABGQJ,1
X3UDTA,1
X434I4,1
XABE67,1
X2V9K0,1
XABGRB,1
X3PABR,1
XABF7D,1
X3UGMU,1
XABHHP,1
X2V9JD,1
X3UEU4,1
X3P8M2,1
X3P8IH,1
X3PA3F,1
XABG48,1
X3P7JE,1
X3UGPS,1
XABH0I,1
XABF3C,1
X3PAFI,1
XABHNQ,1
X3PA0P,1
X3PAGP,1
X3PB8K,1
X3UEVK,1
X3PCGJ,1
XABL6K,1
XQ5E4N,1
X3IQ7V,1
X2VAKD,1
XABH5V,1
X3P8E1,1
X3SDJM,1
X3P91M,1
X3P90V,1
XAFFHQ,1
XABGQI,1
X3INKA,1
X3P9AU,1
X3IQ2V,1
X3PA3C,1
XABGPL,1
XABGRH,1
XABGO5,1
XAFFIJ,1
X3PCK0,1
XABHN1,1
X3IPS0,1
X3P97H,1
XN89D7QNB5G0,1
X3PAGN,1
X3IO1M,1
X3P990,1
X3PAHC,1
X3PB36,1
X3SDEP,1
XABIQ6,1
X3IQ99,1
XABH1F,1
X3UH4H,1
X4350G,1
X3INDP,1
XABH34,1
X3PA1H,1
XABL1A,1
X3PAEV,1
XAFFKO,1
X3P991,1
XABID9,1
XABIR1,1
X3PAHA,1
X3PBNF,1
XABKEN,1
XABHIQ,1
X434IM,1
XABJ8Q,1
XABGO4,1
X3PA23,1
X3PAGL,1
X4ARHO,1
X2O0D9,1
XABIUT,1
X3IQ8M,1
XABJA9,1
X3PB3R,1
XABJ7O,1
XABMJ1,1
X3IVOU,1
XABJU6,1
X1CIRU0N,1
X1CISTGN,1
XABIBL,1
X3PB8E,1
XABKCU,1
XAFFJQ,1
XABIUI,1
XABK27,1
XABJF0,1
X3PC7P,1
XABIG1,1
XAFFJ8,1
X3PB26,1
X3SELO,1
X3PCHQ,1
X9UE94,1
XABJ5S,1
XABIQ4,1
XABK6K,1
X9UEAH,1
X3PBGE,1
XABJSJ,1
X3PC9F,1
X435PM,1
X3PCQU,1
X460MI,1
XABL1E,1
XABKB3,1
XABIK6,1
XABJIG,1
X3PCKS,1
X435R7,1
X3PBJT,1
X3SFKM,1
X3PCTB,1
XAC5Q0,1
XAC5LQ,1
XAFFMM,1
XABK3L,1
X435OQ,1
X9UE2B,1
XABL4O,1
X3PBND,1
X436B3,1
X3J03Q,1
X435O5,1
XABL1I,1
XAFFKP,1
X3SFKD,1
XAC57Q,1
X3PE3P,1
X2O0P3,1
X3SEQV,1
XABJHK,1
XABN5A,1
X3PD03,1
X435S6,1
XABN6S,1
XAC5PU,1
XABMIP,1
X3SFAH,1
XABN5K,1
XABL25,1
X49VS8,1
XABK4H,1
XAC5O6,1
X49VDJ,1
XAC5KQ,1
X3P9AB,1
XABNIE,1
X460D3,1
X3IVRR,1
X3IVR6,1
XABMMT,1
X4A441,1
X3PERC,1
X3UPHB,1
XABLNV,1
X4A0UT,1
X3J1VJ,1
X46197,1
X3IVS1,1
XABO01,1
XABO02,1
X460OM,1
XAFFNT,1
X3IVSF,1
X2NQ6K,1
X4A4I1,1
XAC53H,1
X3J3MM,1
XAC63J,1
XABMAO,1
X4A4SG,1
XABNQF,1
XABNDQ,1
XABMDV,1
X3PEP9,1
X45Q9T,1
XABMF5,1
X4A15B,1
XABNV8,1
XABLBU,1
X3J3EV,1
XABMCO,1
X4A3V0,1
X3J5HV,1
X4A7QH,1
X4A4MQ,1
X3J3OK,1
XABNGL,1
X2NQAH,1
X3J3CC,1
X39TFD,1
XABMQQ,1
X3J3JE,1
X2NQ63,1
X45Q0E,1
X4A168,1
X3J4HB,1
X4370C,1
XABNJ0,1
X435TA,1
X45Q35,1
XAC5KM,1
XABMEP,1
X4A3UD,1
X3J3M6,1
X3J3GP,1
XABNFR,1
X3J67N,1
XABNIK,1
X2NQSD,1
X3J4FA,1
X3J3NS,1
X4618L,1
X3J6GU,1
XABNU1,1
XABMC4,1
X4A7VF,1
XAFFNQ,1
XAI37N,1
XABNFN,1
XABPB6,1
XABO2Q,1
XABNQ5,1
X32EG7,1
XABOD6,1
XABP0O,1
X4A821,1
XABOLG,1
X3HVK1,1
X32E9M,1
X4A83R,1
X30IRN,1
X4A7K3,1
XABOTQ,1
X3J966,1
X3J3P1,1
X3HVO8,1
X3HVCO,1
X4A9MP,1
X32EU3,1
X4A8UA,1
X4A9D8,1
X32EEM,1
X30ITO,1
X4A8US,1
X4A7G6,1
X437B4,1
X3HVBS,1
X3J87N,1
X3UVB0,1
X30J3P,1
X3HVC1,1
XABPOL,1
X3UUHA,1
XABQ7P,1
X3HVI9,1
X4A7IT,1
X4A7NT,1
X3I0FF,1
X4A8ML,1
XABPTK,1
XABP3C,1
XABQ5N,1
XAI38V,1
X46302,1
X3JB7E,1
X4A8J4,1
XABP2S,1
X3HVG2,1
X3HVQG,1
XABR21,1
X2O4NE,1
XABPFF,1
XABR93,1
X4AB12,1
X3UUMN,1
X3JAMB,1
XABRBQ,1
X4A90A,1
X464H3,1
XABQP0,1
XABRGL,1
XABQ76,1
X3I1K8,1
X3HVR5,1
X4AAAC,1
X4AC91,1
X4A9HT,1
X464AK,1
X3I1P4,1
X463N7,1
X3I1R7,1
XABS68,1
XABPS2,1
X3I0EH,1
X2NSDA,1
X4A9NC,1
X463JV,1
X3I1B8,1
X464L2,1
X4A9F0,1
XABQCO,1
X4AB4T,1
X4ACE8,1
XAFFP2,1
XABR5B,1
X3I1MN,1
X3I100,1
X3JEI7,1
X4A9H2,1
X4643Q,1
X2O1DB,1
X3UUOG,1
X3I1JJ,1
X3I2JA,1
X4645U,1
X39VDM,1
X3I2GD,1
XABRMU,1
XABPJV,1
X3I25J,1
X3JB9N,1
X31RD4,1
X3I2ND,1
X4665O,1
X32UMI,1
XAFG7E,1
X39VEH,1
X4AC2J,1
XAFGEM,1
X3I32Q,1
X465V6,1
X4ACAT,1
X2O1CS,1
X4ADRK,1
XAFGE8,1
XAFFSM,1
X31RA2,1
X3V2CN,1
XABTMM,1
XAFGM9,1
X4AFA9,1
X4AEFU,1
X32VA9,1
X468D6,1
X3JE8B,1
X2O1EC,1
X3A24R,1
X468E2,1
X3JE3K,1
X468RQ,1
X468PI,1
X468H0,1
X32UG5,1
XAFGBD,1
X3I5CD,1
X32VR8,1
X46675,1
X4694N,1
X3I4FT,1
XAFI2R,1
X4AG8H,1
XAFHFF,1
X4694I,1
X468HD,1
X4AELH,1
XAFII6,1
XAFI07,1
X4AFEE,1
X31CV6,1
X32VPV,1
X3I525,1
X3V84N,1
XAFJ3G,1
X3I4RP,1
XAFIVL,1
X3I4PI,1
X3I4J8,1
X4AHIU,1
X31CGQ,1
X2O3IG,1
X3JKSP,1
X31SLS,1
X3A38C,1
X4AGIM,1
X3A3AG,1
X469Q8,1
XAFI5T,1
XAFIS2,1
X46AM9,1
XAFKEU,1
XAFKAU,1
X4AI5K,1
X46AID,1
XAFK08,1
X3VBI0,1
XAFK7O,1
X46ASQ,1
XAFJSR,1
XAFK0E,1
X2O3VL,1
XAFJN6,1
X43CT8,1
X3VACO,1
XAFKSL,1
XAFJLN,1
XAFKKG,1
X53OI2,1
XAFKFD,1
XAC2M5,1
X3JMJV,1
XAFL4D,1
X46BS4,1
XA0K1B,1
XAC68H,1
XAFKMD,1
X4AJC3,1
X3JL4T,1
X3IDH2,1
X46BA9,1
X3A5PK,1
X30G03,1
XKHR08N,1
XAFKI5,1
X3IEJO,1
X3A5UL,1
X53OK6,1
X46AN2,1
X3IFC3,1
X46BP1,1
XAFIOO,1
X46CE3,1
X2NTVL,1
X3IDS7,1
X4S95I,1
X3A6CN,1
X3A6P9,1
X3IH96,1
X3IF9J,1
X5400R,1
X31T1K,1
X4S98Q,1
X2K4JJ,1
X2K4OL,1
XAFLN2,1
X46FQ6,1
X32HQI,1
X46GDR,1
X46C4K,1
X32IHG,1
X31DO5,1
X4ALJ3,1
X3IFU7,1
X4SCON,1
X3IFPV,1
X3IGF5,1
X4ALE1,1
X4ALPK,1
X31DLC,1
X2O19D,1
X3IJQN,1
X3A7TL,1
X4SD3L,1
X4SG9V,1
X3IKQO,1
X3IHV2,1
X30JVR,1
X30J8N,1
X32IT5,1
X32LTI,1
X3IIIR,1
X3IHRQ,1
X3IKO6,1
X3IJ0T,1
X30K7K,1
X4SEVU,1
X3IIHC,1
X3IING,1
X3II6K,1
X3IIRV,1
X33HCC,1
X32J5S,1
X32J6D,1
X30GVR,1
X2O1N8,1
X354U5,1
X4SFPT,1
X3PO6P,1
X30GUV,1
XTR7FBQNB5G0,1
X3IIS5,1
X4S9E7,1
X31D6O,1
X30GTK,1
X30KBJ,1
X46GJT,1
X3A9GL,1
X30K9B,1
X30LTJ,1
X3IIF3,1
X354N1,1
X544P7,1
X355DL,1
XAC71J,1
X542CC,1
XAC727,1
X31VNG,1
X54413,1
X31VFT,1
X30HMQ,1
X3IMQ8,1
X3PO2N,1
X3IJ2J,1
X30MGO,1
X544T6,1
X31VR8,1
X31UV5,1
X356C7,1
X355RH,1
X320VA,1
X4SHAL,1
X31VQ0,1
X57F0A,1
X3205H,1
X33I80,1
X31V28,1
XAC6KM,1
X3PP9D,1
X3JUUA,1
X357A9,1
X545PI,1
X57F0H,1
X3P25A,1
X321U4,1
X356L3,1
X35741,1
X3VL3M,1
XAC3LV,1
X3IMI3,1
X30HLM,1
X57ER0,1
X356AK,1
X30MD6,1
X3P27H,1
X320UH,1
X546B6,1
XAC3NV,1
X321U1,1
X3ACGM,1
X3P5AQ,1
X5471N,1
XAC75J,1
X57EQ6,1
X3P2SF,1
X355OO,1
X3VMB1,1
X3P39S,1
X3IP9O,1
XAC3JG,1
X3IOCP,1
X3AD09,1
X31V84,1
X3P33P,1
X3P34M,1
X46VFR,1
X3ACFP,1
X2O3HV,1
X3ACVV,1
X3AF0E,1
X3P351,1
X4APLP,1
X3VMH9,1
X3K0CA,1
X46V87,1
X3ACD6,1
X546IJ,1
X1037H8N,1
XAC4DE,1
X3AF30,1
XAC4R3,1
XAC3C7,1
X3AFPV,1
X3MS9G,1
X3ADO8,1
X358IH,1
X358H4,1
X4PU7S,1
X3AFQ9,1
X3LEGJ,1
X3MS82,1
X3AEQC,1
X4QOJO,1
X3P56A,1
X54CF5,1
X36LF7,1
X358D2,1
X425QA,1
X3LEAQ,1
X4Q68M,1
X550S7,1
X3840U,1
X3PDKG,1
X3P5D0,1
X4KLIL,1
X37Q0L,1
X550RL,1
X4KLNR,1
X4QNGC,1
X30EPK,1
X4PU8N,1
X4M27M,1
X4KLKL,1
X4G4PI,1
XK42GGN,1
X4M2DB,1
X550MA,1
X3DKCE,1
X38NAR,1
X383S6,1
X38966,1
X391RB,1
X39MBB,1
X425LQ,1
X391OA,1
X39H55,1
X3FUL0,1
X2NTKT,1
X2NL30,1
X4NB2T,1
X391D1,1
X3N0RO,1
X398QG,1
X4NH00,1
X30FKQ,1
X3MRHC,1
X49KET,1
X3NRLK,1
X39KNP,1
X4KLNC,1
X3N3O5,1
X30NF4,1
X391FP,1
X36INQ,1
X4NGVE,1
X30FLB,1
X3I9F6,1
X431Q4,1
X3N0LQ,1
X537I7,1
X4NGTH,1
X3IPTS,1
X431BL,1
X3N40K,1
X30FJ5,1
X39VJ8,1
X30N2A,1
X39MAQ,1
X39MG6,1
XAC7EH,1
X53LR7,1
X39QNA,1
X2NNT7,1
X53NQB,1
X39QNO,1
X53NST,1
X4O2EO,1
X4NT21,1
XAC7A1,1
XAC7SB,1
XAC7DK,1
X3ILN5,1
XAC7SE,1
X39SH8,1
X3MNTT,1
X3PHH1,1
X3PJTF,1
X39RV1,1
X3A180,1
X3A788,1
X53NM1,1
X3A18K,1
XAC5T7,1
X30FBM,1
X4O2CA,1
X2O2CO,1
XAC807,1
X5377D,1
X3POR5,1
X3AB96,1
X39VNF,1
XAC83S,1
X4O2T6,1
XCBUI3QNB5G0,1
X3A7A2,1
X4ONPR,1
X53M4A,1
X4V1IT,1
X4K9J0,1
X369JI,1
X350GN,1
XAC7QF,1
X3T90T,1
X3AEGT,1
X3IL9G,1
X3AOV8,1
X37GQ4,1
X3ADEE,1
X37IPE,1
X3POTO,1
XAC84D,1
X4PJKF,1
X3L8MB,1
X3AEJQ,1
X4PPJL,1
X4PPCE,1
X350UE,1
X4K9JC,1
X4K9L0,1
X4K9LG,1
X4OO8E,1
X4K9H3,1
X3BB8R,1
X3BFRM,1
X31Q2N,1
X3AP4P,1
XAC8A9,1
X3POQ4,1
X36FP4,1
X3L05A,1
X4V0OA,1
XACBPP,1
X351FU,1
X4PJBT,1
X3LKRF,1
XAC8GF,1
X3LKRO,1
X4Q4AE,1
X54BG3,1
XACCP0,1
X2AITA,1
X36FAN,1
X36G10,1
X3Q8TV,1
X47OU9,1
XACCFD,1
X4V9FL,1
XN5AN7QNB5G0,1
XACA3I,1
X351AF,1
XACA92,1
X3Q8TD,1
XN5ADVQNB5G0,1
X37OT5,1
X3LJT7,1
X480NT,1
X4808P,1
X4Q5RG,1
XACBTM,1
X32DRM,1
X37OSS,1
X4VH7K,1
X54V61,1
X3M7JM,1
X36GMI,1
X4VHB0,1
XACCOT,1
X3NRQU,1
X4VH6U,1
X4805G,1
X36A26,1
X37IVS,1
XACBMO,1
XAFMDS,1
X4QAIG,1
X3C3L2,1
X3M3LU,1
X3523F,1
X3CJUL,1
X40TPH,1
X36C9O,1
X40TRG,1
X36I3M,1
X4QA8F,1
XACCRS,1
X3M7D6,1
X3F36A,1
X369VS,1
X36B2O,1
XACCQ4,1
X37VSN,1
XAFMCM,1
X3C3E4,1
X352KD,1
X352LD,1
X36CUP,1
X352FN,1
X36DG0,1
X4VR1L,1
X37TDN,1
X3OCPC,1
X3M6RJ,1
X3F2AF,1
X36HV4,1
X3F6IT,1
X4VTHL,1
X3AUVO,1
X3IO77,1
X3LST7,1
X3F326,1
X4QHP3,1
X3FE3J,1
X3FF00,1
X3FBMB,1
X3IRIM,1
X4QHP1,1
X3INA9,1
X3FBJK,1
X3AV46,1
X36BBJ,1
X3F1QH,1
X3IRE9,1
X3IRF7,1
X3FGU9,1
X36BDK,1
X3IR54,1
X3FK36,1
X3IS32,1
X3FK03,1
X3IRCC,1
XKL0O4II8BG0,1
X3OD4G,1
X3FBG9,1
X3IRDU,1
X3FOE8,1
X3FK1A,1
X3FJJV,1
X3FM32,1
X3IVVS,1
X50R9R,1
X3FOJ5,1
X3FISV,1
X3ISC3,1
X50S7Q,1
X2AHUJ,1
X50H17,1
X50KBS,1
X2A9ER,1
X54CV3,1
X51780,1
X3FJJO,1
X3FKNB,1
X3FNG5,1
X50H3T,1
X510TI,1
X3FN30,1
X50R46,1
X50J9I,1
X51D78,1
X3FON4,1
X510O1,1
X50M4V,1
X50HIS,1
X2POB2,1
X50HAA,1
X50MTC,1
X50INV,1
X50HK0,1
X2AK86,1
X2AJ6C,1
X4IU3S,1
X50TNA,1
X5115I,1
X5116C,1
X2AI0H,1
X51879,1
X512FA,1
X5160Q,1
X51D48,1
X51C4A,1
X512PM,1
X516BB,1
X51GNV,1
XAFMPA,1
XAFNE2,1
X51DC3,1
XAFN35,1
X4IU6H,1
X6CHS1,1
X4OU1C,1
XE7HQN,1
X51C6A,1
XACBJJ,1
XAEE23,1
X4ITRU,1
X5122Q,1
XAFN9K,1
X34L8A,1
XACDRV,1
XACBHB,1
XAEE1T,1
X4IUA2,1
XAFDEP,1
XACBII,1
X6B7B7,1
X4IVPB,1
X6CSG2,1
X6BHJH,1
XAFNCU,1
XAFD0B,1
XADUE8,1
XE7CTM,1
X4IU0G,1
XACAS7,1
XACBEB,1
X6B5CJ,1
XADUOI,1
X6B5JD,1
XAFDRK,1
X6CS6P,1
X17NVJQNB5G0,1
XAFD0E,1
X6BE0I,1
XE4P19,1
X6B8G4,1
XIQSQ3,1
X17O1RQNB5G0,1
XBK0K0,1
X6CKOQ,1
XE4PE0,1
XE6J9J,1
XUI0EU003,1
XE7HO3,1
X9U6JU,1
XE7RA4,1
X6B7I1,1
X6B9IA,1
X6CQ1K,1
X6COCM,1
X17NPNQNB5G0,1
X6BH1K,1
XAEE1R,1
X6CQ0A,1
XE7655,1
X6BKF4,1
X6A131,1
X6CRPK,1
X6CUJV,1
X6B8KD,1
X6COBM,1
X6B7OM,1
X6CNM0,1
X6B6SO,1
X6CO9I,1
X6B88L,1
X6B8RC,1
XE7ELS,1
X6CQBP,1
X6BKE2,1
X6B83U,1
X2LFAL,1
X6BKAF,1
X6B6T0,1
X6CGB9,1
XE7613,1
X6CGE5,1
X4KJ2G,1
X6B8LB,1
X6COUV,1
X6CP5C,1
XALCJ1,1
X6CHSP,1
XAQ82M,1
X6CUL6,1
X6B8J9,1
XALCOR,1
XFPDPG,1
XDN5RN,1
XFAPG2,1
X3L0G5,1
XFPDDG,1
XATMIF,1
XFPDS0,1
XAQCCN,1
XFP7J3,1
XDN5SG,1
XFPDCS,1
XG6PAS,1
X6B640,1
XFPOBP,1
XEK0RO,1
XFPLO9,1
XEK73P,1
XFAPFB,1
XAQB9R,1
XGKI1V,1
XG6PAH,1
XGFRCT,1
XC2OION,1
X54NBV,1
XFPDF5,1
XGA2V2,1
XFPG4A,1
XFQG1N,1
X6CVEC,1
XAQC47,1
X125RLM003,1
XFP7HU,1
X11UUP8003,1
XG50VO,1
XNT2KKII8BG0,1
X10LQ80003,1
XNS3HGII8BG0,1
XKIJL8II8BG0,1
X12I4MO003,1
XNEUO0II8BG0,1
X12LENK003,1
X13DKP8003,1
X13BGOI003,1
X13CQUG003,1
X12BS6G003,1
X12ALCO003,1
X14TFB8003,1
X12I4MC003,1
X12ECNU003,1
X142MAK003,1
X12J5IE003,1
X148SQ4003,1
X13QAQK003,1
X12HNRQ003,1
X13A37A003,1
X3M7HU,1
X13DQR8003,1
X12NFJE003,1
X15JV40003,1
XG8BGF,1
X13A5J0003,1
X14HLRI003,1
X141L2A003,1
X14CH0M003,1
X149T8G003,1
X13VBM8003,1
X12MV52003,1
X15139I003,1
X16EQ9K003,1
X163QH6003,1
X151L5O003,1
X36CNI,1
X15B7FG003,1
X1785KU003,1
X15JQUU003,1
X157T8U003,1
X15TNJ2003,1
X15IDOO003,1
X166S0I003,1
X1638V6003,1
X166AC0003,1
X14NOV2003,1
X15ODGU003,1
X1696TM003,1
X164AGE003,1
X15BFPC003,1
X1695TM003,1
X16AKF6003,1
X15VNL2003,1
X16M7T4003,1
X15H86I003,1
X178F7U003,1
X16HPN8003,1
X177J1U003,1
X18J7U8003,1
X173BBI003,1
X165T04003,1
X16EP04003,1
X17P6UG003,1
X17P15U003,1
X16LDA2003,1
X17KB7K003,1
X16LL7S003,1
X176AP8003,1
X17NLCK003,1
X167ARU003,1
X17CJ3A003,1
X17LLDK003,1
X17JCS0003,1
X17A2PI003,1
X16R07S003,1
X176PEG003,1
X17J3BQ003,1
X18LPIO003,1
X18O78E003,1
X17VRGM003,1
X176EEG003,1
X18ITLK003,1
X194QI8003,1
X18NB0M003,1
X18KV4G003,1
X18HHB2003,1
X18TN5A003,1
X172IHM003,1
X18IG6A003,1
X19295I003,1
X18S8BK003,1
X19GHRG003,1
X192TCC003,1
X1AM5U0003,1
X1ATARA003,1
X19G8G6003,1
X1ABKE0003,1
X18MLIE003,1
X18SFLG003,1
X6B5K9,1
X18PRJI003,1
X184N82003,1
X18VHD0003,1
X1AJASI003,1
X19GM6C003,1
X199QSU003,1
X1A3M6O003,1
X19J8LC003,1
X19295K003,1
X19NE7M003,1
X18TN5I003,1
X19SKJC003,1
X19E92S003,1
X196P80003,1
X199JSG003,1
X19ICVQ003,1
X1ACD14003,1
X19E9OA003,1
X190DF2003,1
X1Q6KVV8QM82,1
X19E3OI003,1
X1B7A7O003,1
X1A3LIG003,1
X1AGO06003,1
X1AA816003,1
X1CBSM2003,1
X19GPGM003,1
X19E9QA003,1
X1B2626003,1
X1939SA003,1
X198LU4003,1
X1ABK8K003,1
X1BMKE8003,1
X1AJ5Q0003,1
X1B95IS003,1
X19RC76003,1
X1AEP9I003,1
X1ABRJC003,1
X1LCO3KSG000N,1
X1950GS003,1
X19FEK6003,1
X1CEE96003,1
X1D39SS003,1
X1945IA003,1
X1BP3DQ003,1
X1AQV14003,1
X1BEBCM003,1
X1B9LV0003,1
X1C7TGQ003,1
X1AVUN0003,1
X1BEFBE003,1
X1E59A6003,1
X1C1J42003,1
X1AOTOA003,1
X1CVCR0003,1
X1D1TMA003,1
X1C8300003,1
X1BLRDG003,1
X1CDIKK003,1
X1CI7PM003,1
X42JRH1,1
X1B30B8003,1
X1BO53I003,1
X1CBS3K003,1
X1CC9T4003,1
XN5BE3QNB5G0,1
XGQUKGN,1
X1EETMC003,1
X1EMNRU003,1
X1EMROC003,1
X1E2LR0003,1
X1CQBV4003,1
X1ERBNA003,1
X1C15ME003,1
X3CQQG,1
X447GF,1
X3RLBR,1
X1F8EGS003,1
X1F6OQC003,1
X1H7F5Q003,1
X1FEUOO003,1
X1FN0MA003,1
X1FGMC6003,1
X1G41T8003,1
X1FKJU0003,1
X1FLLPA003,1
X1FM7GO003,1
X1FG5UA003,1
X1F543I003,1
X1GPI72003,1
X1G2CE8003,1
X1FFG9M003,1
X1G7F9I003,1
X1GOLBE003,1
X1GSMAU003,1
X1HUG6K003,1
X1H718K003,1
X15398G003,1
X1I2O26003,1
X1H8IDA003,1
X1HCORO003,1
X1GLH6U003,1
X1I45SK003,1
X1HK3VM003,1
X1HE2LG003,1
X15S8SA003,1
X1EU59K003,1
X1HKRI6003,1
X1HO7T6003,1
XK9EE8N,1
X1J47LU003,1
X1HODI4003,1
X1IT2IM003,1
X1I6ENA003,1
X1FFK9G003,1
X1ITAPG003,1
X1I7M6E003,1
X1Q6MDA7GLO2,1
X1I2O1U003,1
X1HK3VI003,1
X1H03RS003,1
X1IAT92003,1
X1I6VCE003,1
X1IGADU003,1
X1HVN66003,1
X1I4LQU003,1
X1CDDHGN,1
X1HO40M003,1
X1JIOR2003,1
X1Q6MBTN2J82,1
X1JIM48003,1
X1HKTU0003,1
X1JSG98003,1
X1HO41Q003,1
X1JLOP4003,1
X1I6KT4003,1
X1HVA7GN,1
X1G7T3I003,1
X1GG5AGN,1
X1JMAPA003,1
X1KUDJO003,1
X1K8I6E003,1
X1K7T84003,1
X1JREL0003,1
X1OJEQ0N,1
X1L0PJO003,1
X1H75V8N,1
X1K8STM003,1
X1JRGVO003,1
X1JDLJI003,1
X1JS9QK003,1
X1J92RU003,1
X1JMAPQ003,1
X1K6P18003,1
X1L3PEM003,1
X1L3PF2003,1
X1JQK26003,1
X44NKD,1
X3S0TH,1
X9VGLF,1
X3OERA,1
X41B5E,1
X41ORI,1
X44QOB,1
X3S47F,1
X3S9RM,1
X3G3VG,1
X3SM74,1
X41VQL,1
X3T37J,1
X3BREN,1
X40OLO,1
X443D1,1
X3BRBT,1
X40QBU,1
X4446K,1
X443MU,1
X40OOB,1
X3C7KV,1
X4446H,1
X40PUO,1
X40PTM,1
X3C7FN,1
X40Q0P,1
X485I4,1
X486D6,1
XA6QCT,1
X486L7,1
X40RBG,1
X4875F,1
X40SP1,1
X485TU,1
X3CAF9,1
X40U9A,1
X40V9M,1
X40V00,1
X40V2G,1
X445H0,1
X3CC8I,1
X3CBU6,1
X4467E,1
X445SV,1
X40U4K,1
X3CCEO,1
X3CHNM,1
X446S3,1
X410ML,1
X410A6,1
X488U2,1
X446B5,1
X410KH,1
X4892Q,1
X48A4U,1
X446QK,1
X48A3S,1
X48ACU,1
X448CI,1
X4482N,1
X9VFFL,1
X447UN,1
X448FH,1
X48FL8,1
X48D3U,1
X48F9S,1
X44CIS,1
X48FJT,1
X3OEJH,1
X44CSC,1
X44D9M,1
X44CSV,1
X48G7U,1
X48HDR,1
X4143B,1
X44EKO,1
X48IH2,1
X3OETI,1
X4149C,1
X3OEQK,1
X44C5E,1
X3OF0J,1
X44CMP,1
X416PL,1
X3OFBU,1
X43S4J,1
X43S43,1
X3D8GB,1
X44GJJ,1
X419P3,1
X3OKN2,1
X41A3H,1
X3OK4H,1
X41DJP,1
X41B0G,1
X41AVF,1
X3DI3E,1
X3OKA5,1
X41C6G,1
X41BMC,1
X41B2J,1
X3DI0J,1
X9VGEP,1
X48TEU,1
X3RLH0,1
X3RL91,1
X41BG3,1
X41DKL,1
X48SJS,1
X3V6DA,1
X41C0M,1
X41ELF,1
X41B4N,1
X41BK8,1
X3RLEI,1
X44HV6,1
X3E0VK,1
X3RNGI,1
X41IM9,1
X44HCG,1
X41F9A,1
X3LA44,1
X442B4,1
X3E0S6,1
X3E0TC,1
X49355,1
X442KR,1
X492QE,1
X3LA14,1
X41IK9,1
X3RR5C,1
X44MES,1
X3RR42,1
X41O5V,1
X496RA,1
X3S2OF,1
X3F3PF,1
X44QKH,1
X447C6,1
X3S2M1,1
X3F97M,1
X41QGS,1
X41P9D,1
X41QM8,1
X3S6U4,1
X44D9F,1
X41U54,1
X3SADU,1
X41ULO,1
X3SDJA,1
X457TB,1
X420MK,1
X422RM,1
X421A3,1
X3SJKR,1
X3LQIT,1
X3SO2I,1
X3SQVG,1
X49CSL,1
X423NB,1
X4251T,1
X4251D,1
X3SSDU,1
X3SVCA,1
X3SUFI,1
X4243P,1
X3T2H9,1
X3SUFP,1
X3SV26,1
X427DB,1
X44M37,1
X429J5,1
X3TCM5,1
X3TEDP,1
X3TF13,1
X45K5S,1
X3TGN8,1
X42DI7,1
X3TJ6M,1
X42GQJ,1
X3N28E,1
X3TUCU,1
X45OLA,1
X3NNOF,1
X42L9N,1
X3TULD,1
X3TUJO,1
X2NK7U,1
X3NUK5,1
X42LAT,1
X45PD5,1
X3H442,1
X3TVNU,1
X42MQM,1
X3TUMS,1
X2NVE0,1
X42LG1,1
X2NKIT,1
X2NK7C,1
X3TUKH,1
X3U1QB,1
X3TV29,1
X3TVG1,1
X45MQV,1
X3TTT0,1
X3NTVN,1
X3NTBG,1
X3NUAK,1
X3I5SG,1
X45P66,1
X3TUVM,1
X3U1OH,1
X3U290,1
X3U45U,1
X42LFR,1
X3NP2M,1
X3NQER,1
X3NUQ7,1
X45PMF,1
X42NCA,1
X3NQM6,1
X42N97,1
X45PA0,1
X3U1R9,1
X45PJ2,1
X45PF9,1
X3NRF3,1
X3U25T,1
X3NT03,1
X42NCB,1
X3NQ8C,1
X45PED,1
X3U2VU,1
X3TTL6,1
X45P7J,1
X3TVMM,1
X2NKM1,1
X3NTJE,1
X3U30K,1
X3U1I0,1
X3U1AO,1
X3NOQG,1
X3U28E,1
X3TS5D,1
X3NUH5,1
X42P0E,1
X3NU8E,1
XA6QO7,1
XA6QM7,1
X3NTEC,1
X3NU1G,1
X3NV0E,1
XII53F,1
X3I5K2,1
X3NSNR,1
X2NL88,1
X3O06Q,1
X3NUGV,1
X3I7B4,1
X3NUFQ,1
X3U2SS,1
X3I7EM,1
X3U2BS,1
X3U3CU,1
X3U1TQ,1
X3L3QO,1
X3U441,1
X3U45J,1
X3U62S,1
X3NR0A,1
XA6QPG,1
X3I5PD,1
X3U5IC,1
X3I8U6,1
X3U68L,1
X3U172,1
X3U3O4,1
X3U468,1
X45Q87,1
X3I632,1
X3U3AB,1
X3U52J,1
X3U5JK,1
X3U56E,1
X42Q4J,1
X2NLBM,1
X3U4MV,1
X3I7LK,1
X3U6SI,1
X2NM79,1
X3U53L,1
X3U6RI,1
X3U4KM,1
X3OH42,1
X45Q7E,1
X3U2AD,1
X3U6DV,1
X3O5LH,1
X3I8KG,1
X2F17H,1
X2NM5V,1
X3O1PK,1
X3O1Q6,1
X3U6NK,1
X3NUB8,1
X42QAC,1
X3U6J3,1
X3O61N,1
X3OAI9,1
X3O6FM,1
X3IAKQ,1
X3OA53,1
X3U4SC,1
X3U5GP,1
X3O60M,1
XA6R20,1
X3OITM,1
X3OAU0,1
X3U6SJ,1
X3U7LI,1
X3U7EN,1
X3I8MO,1
X3U87Q,1
X3O7B1,1
X42S3M,1
X3O5EK,1
X3O9FK,1
X3OB1K,1
XA6R1G,1
X3OAQU,1
X42TDV,1
X3IA6C,1
X3U7AE,1
X3UF0J,1
X3UENL,1
XABHH9,1
X3PC95,1
XABIR5,1
XABMGF,1
X3HVP9,1
X3HVCA,1
X4A858,1
X3JB3M,1
X3JB1V,1
XABT3V,1
X31R6F,1
XAFFUB,1
XAFFRP,1
X3I1C9,1
XAFGCJ,1
X4685Q,1
X3JE4I,1
XAFFRT,1
X3PJG6,1
X4690V,1
X32VA4,1
X32VED,1
X31S91,1
X4AG1F,1
XAFI3H,1
XAFI3Q,1
X468Q4,1
X3A34C,1
XAFG1C,1
X3VA08,1
X3VBID,1
X3VABB,1
X3A0BS,1
XAFKCU,1
X3I4UU,1
X3I5BV,1
X3SRJE,1
X46C1H,1
XAFKI8,1
XAFJ87,1
X46EQ2,1
X3IG5C,1
X2NTN5,1
X3A6IP,1
X3IDUC,1
X2K4BB,1
X3ID4G,1
X32IAN,1
X3IF4B,1
X4S93S,1
X3IET3,1
XAFKHN,1
X4S9P5,1
X4AL95,1
X2O1N4,1
X3A68V,1
XAC6OL,1
X30HF1,1
XAC3AA,1
X33I50,1
X3TTKF,1
X3ADJ7,1
X3GH2E,1
X3DKP4,1
X3PDMF,1
XAC3N7,1
XAC60S,1
X30NDA,1
X39GV1,1
X3POUH,1
X4O2GG,1
X3ABFT,1
X350LS,1
X32DNA,1
X53LSP,1
X36E6K,1
XACBQL,1
X3CJMB,1
X30NDI,1
X54NBR,1
X484GL,1
XAFM3F,1
X3F6A3,1
X369I7,1
X50SAT,1
X51EB1,1
X6CFQB,1
X12D52I003,1
X141L2O003,1
X12IOFO003,1
X16455Q003,1
X1ADSFC003,1
X1DC7C0003,1
X1AOU1C003,1
